1	"Red River Gorge"	"/v/red-river-gorge/105841134"	0
2	"Amusement Park, The"	"/v/the-amusement-park/105869499"	0
3	"Bald Rock Recreational Preserve (BRRP)"	"/v/bald-rock-recreational-preserve-brrp/112439039"	0
4	"Bee Branch"	"/v/bee-branch/105868149"	0
5	"Beer Trailer Crag"	"/v/beer-trailer-crag/108086113"	0
6	"Blackburn Rock"	"/v/blackburn-rock/105868146"	0
7	"Camp Store Crag"	"/v/camp-store-crag/107388627"	0
8	"Chimney Top Rock"	"/v/chimney-top-rock/105869132"	0
9	"Clearcut Wall"	"/v/clearcut-wall/107699090"	0
10	"Courthouse Rock"	"/v/courthouse-rock/105868215"	0
11	"Dip Wall"	"/v/dip-wall/105868828"	0
12	"Dunkan Rock"	"/v/dunkan-rock/108437333"	0
13	"Eagle Point Buttress"	"/v/eagle-point-buttress/105868819"	0
14	"Eastern Sky Bridge Ridge"	"/v/eastern-sky-bridge-ridge/105868804"	0
15	"Emerald City"	"/v/emerald-city/105868026"	0
16	"Fortress Wall"	"/v/fortress-wall/105869125"	0
17	"Friction Slab"	"/v/friction-slab/106569392"	0
18	"Funk Rock City"	"/v/funk-rock-city/105868795"	0
19	"Global Village"	"/v/global-village/105868030"	0
20	"Graining Fork Nature Preserve (a.k.a. Roadside Crag)"	"/v/graining-fork-nature-preserve-aka-roadside-crag/105868013"	0
21	"Gun Crag"	"/v/gun-crag/105869150"	0
22	"Half Moon Rock"	"/v/half-moon-rock/105869135"	0
23	"Haystack Rock"	"/v/haystack-rock/105868208"	0
24	"Heights, The"	"/v/the-heights/105883490"	0
25	"Hen''s Nest Rock"	"/v/hens-nest-rock/106730354"	0
26	"Indian Creek "	"/v/indian-creek-/106404791"	0
27	"Jazz Rock"	"/v/jazz-rock/105868834"	0
28	"Jewel Pinnacle"	"/v/jewel-pinnacle/105869064"	0
29	"Kentucky Wall, The"	"/v/the-kentucky-wall/110529502"	0
30	"Left Flank"	"/v/left-flank/105868848"	0
31	"Long Wall"	"/v/long-wall/105867655"	0
32	"Lost Ridge"	"/v/lost-ridge/107845035"	0
33	"Lower Sky Bridge Ridge"	"/v/lower-sky-bridge-ridge/106973464"	0
34	"Lower Small Wall"	"/v/lower-small-wall/105874420"	0
35	"Lumpy Wall"	"/v/lumpy-wall/105867986"	0
36	"Mariba Fork"	"/v/mariba-fork/107847971"	0
37	"Middle Small Wall"	"/v/middle-small-wall/105891226"	0
38	"Military Wall"	"/v/military-wall/105868851"	0
39	"Miller Fork Recreational Preserve (MFRP)"	"/v/miller-fork-recreational-preserve-mfrp/110230324"	0
40	"Minas Tirith"	"/v/minas-tirith/105867983"	0
41	"Moonshiner''s Wall"	"/v/moonshiners-wall/108168979"	0
42	"Mt. Olive Rock"	"/v/mt-olive-rock/106385143"	0
43	"Muir Valley"	"/v/muir-valley/105869138"	0
44	"Muscle Beach"	"/v/muscle-beach/105868831"	0
45	"Pebble Beach"	"/v/pebble-beach/105867978"	0
46	"Pendergrass-Murray Recreational Preserve (PMRP)"	"/v/pendergrass-murray-recreational-preserve-pmrp/106585368"	0
47	"Phantasia"	"/v/phantasia/105869128"	0
48	"Pinch Em Tight"	"/v/pinch-em-tight/105869067"	0
49	"Pistol Ridge"	"/v/pistol-ridge/105868100"	0
50	"Purple Valley"	"/v/purple-valley/105868825"	0
51	"Raven Rock"	"/v/raven-rock/105919809"	0
52	"See Rocks"	"/v/see-rocks/105868233"	0
53	"Shallow Boulder "	"/v/shallow-boulder-/110993279"	0
54	"Symphony Wall"	"/v/symphony-wall/105917594"	0
55	"Torrent Falls"	"/v/torrent-falls/105869141"	0
56	"Tower Rock"	"/v/tower-rock/105872607"	0
57	"Tunnel Wall"	"/v/tunnel-wall/109007449"	0
58	"Wall of Denial"	"/v/wall-of-denial/105868816"	0
59	"Western Sky Bridge Ridge"	"/v/western-sky-bridge-ridge/105868801"	0
60	"Whittleton Branch"	"/v/whittleton-branch/105868055"	0
61	"Willie''s Wall"	"/v/willies-wall/105868841"	0
62	"Zoo, The"	"/v/the-zoo/105869144"	0
63	"Bird Cage Sector"	"/v/bird-cage-sector/111061995"	0
64	"New Zoo, The"	"/v/the-new-zoo/111061980"	0
65	"Old Zoo, The"	"/v/the-old-zoo/111061973"	0
66	"Animal Husbandry"	"/v/animal-husbandry/111046822"	1
67	"Armadillo"	"/v/armadillo/105918082"	1
68	"Aviary "	"/v/aviary-/111046858"	1
69	"Cannonball"	"/v/cannonball/106309932"	1
70	"Chimp"	"/v/chimp/105918086"	1
71	"Edgehog"	"/v/edgehog/106127530"	1
72	"Geezers Go Sport"	"/v/geezers-go-sport/106127916"	1
73	"Hippocrite"	"/v/hippocrite/106126244"	1
74	"Jail Bird"	"/v/jail-bird/106129055"	1
75	"Lynx Jinx"	"/v/lynx-jinx/106579832"	1
76	"Monkey in the Middle"	"/v/monkey-in-the-middle/106127925"	1
77	"On Beyond Zebra!"	"/v/on-beyond-zebra/106579826"	1
78	"One Brick Shy"	"/v/one-brick-shy/105918096"	1
79	"Put Me In The Zoo"	"/v/put-me-in-the-zoo/105918073"	1
80	"Scar Tissue"	"/v/scar-tissue/106309924"	1
81	"Skin The Cat"	"/v/skin-the-cat/105918091"	1
82	"Zoo Keeper"	"/v/zoo-keeper/112887066"	1
83	"BabaBooey"	"/v/bababooey/111054034"	1
84	"Barrel Full of Monkeys"	"/v/barrel-full-of-monkeys/108941985"	1
85	"Gunner"	"/v/gunner/113551621"	1
86	"Hippopotomoose"	"/v/hippopotomoose/111008257"	1
87	"Honey Badger"	"/v/honey-badger/111054024"	1
88	"Irony of a Twisted Fate"	"/v/irony-of-a-twisted-fate/111054011"	1
89	"Peyote Pup, The"	"/v/the-peyote-pup/111050560"	1
90	"Sendex 147"	"/v/sendex-147/111050547"	1
91	"Sidewinder"	"/v/sidewinder/111053967"	1
92	"Sparkling Jackass"	"/v/sparkling-jackass/111050432"	1
93	"Speedy Gonzalez"	"/v/speedy-gonzalez/111053991"	1
94	"Action Potential"	"/v/action-potential/112798234"	1
95	"Botanical Gardens"	"/v/botanical-gardens/111219181"	1
96	"Bumpin With Bulldog"	"/v/bumpin-with-bulldog/113332461"	1
97	"Can of Biscuits"	"/v/can-of-biscuits/111219104"	1
98	"Crimpin'' Ain''t Easy"	"/v/crimpin-aint-easy/112798141"	1
99	"Dirty Bird"	"/v/dirty-bird/111219168"	1
100	"Eager Beaver"	"/v/eager-beaver/111619983"	1
101	"Goblins in My Mind"	"/v/goblins-in-my-mind/112798288"	1
102	"Gunner"	"/v/gunner/111219150"	1
103	"Here Comes the Beep Beep"	"/v/here-comes-the-beep-beep/112798255"	1
104	"Lone Coyote "	"/v/lone-coyote-/111785547"	1
105	"Romance Explosion"	"/v/romance-explosion/112798104"	1
106	"Snake Charmer"	"/v/snake-charmer/112798114"	1
107	"Sons of Perdition"	"/v/sons-of-perdition/111053950"	1
108	"Lust At First Sight"	"/v/lust-at-first-sight/105870015"	1
109	"Missing the Obvious"	"/v/missing-the-obvious/105869213"	1
110	"Prozac Nation"	"/v/prozac-nation/105869223"	1
111	"She Loves Me"	"/v/she-loves-me/105869218"	1
112	"Gemini Crack"	"/v/gemini-crack/105865977"	1
113	"Tuff Noogies"	"/v/tuff-noogies/105865970"	1
114	"Return of Geoff Beene, The"	"/v/the-return-of-geoff-beene/106166709"	1
115	"Upstream Swimmer"	"/v/upstream-swimmer/107621644"	1
116	"11:11"	"/v/1111/106282961"	1
117	"Anne''s Crack"	"/v/annes-crack/106457752"	1
118	"Bongo"	"/v/bongo/105880960"	1
119	"Buckeye Testpiece"	"/v/buckeye-testpiece/105880979"	1
120	"Campfire Crank"	"/v/campfire-crank/106282950"	1
121	"Cold Shot"	"/v/cold-shot/105870306"	1
122	"Funhouse"	"/v/funhouse/105880996"	1
123	"Hair Of the Dog"	"/v/hair-of-the-dog/112834343"	1
124	"New Red River"	"/v/new-red-river/105880966"	1
125	"Pink Panties Pulldown"	"/v/pink-panties-pulldown/105880989"	1
126	"Red River Renaissance"	"/v/red-river-renaissance/106457744"	1
127	"Strick 9"	"/v/strick-9/105880973"	1
128	"Toxic Avenger"	"/v/toxic-avenger/105880984"	1
129	"Negative Energy"	"/v/negative-energy/109007452"	1
130	"Africa"	"/v/africa/106437910"	1
131	"Arachnid"	"/v/arachnid/105882818"	1
132	"Caver''s Route"	"/v/cavers-route/105882024"	1
133	"Curving Crack"	"/v/curving-crack/105889521"	1
134	"Dog Days"	"/v/dog-days/105889513"	1
135	"Groundhog"	"/v/groundhog/106494791"	1
136	"Mighty Eidson"	"/v/mighty-eidson/105882347"	1
137	"Salad Days"	"/v/salad-days/106581192"	1
138	"Squeezebox"	"/v/squeezebox/113513095"	1
139	"Bandolier"	"/v/bandolier/105918062"	1
140	"Bare Metal Teen"	"/v/bare-metal-teen/106290300"	1
141	"Big Money Grip"	"/v/big-money-grip/106020245"	1
142	"Centerfire"	"/v/centerfire/106290265"	1
143	"Cordelia"	"/v/cordelia/107639451"	1
144	"Del Boy"	"/v/del-boy/107368128"	1
145	"Dream of a Bee"	"/v/dream-of-a-bee/107321345"	1
146	"Family Values"	"/v/family-values/105893136"	1
147	"Hmmm"	"/v/hmmm/108105789"	1
148	"Ode to Poopie Head"	"/v/ode-to-poopie-head/113390957"	1
149	"Pocket Pussy"	"/v/pocket-pussy/106290243"	1
150	"Poopie Head"	"/v/poopie-head/107387489"	1
151	"Racer X"	"/v/racer-x/106333629"	1
152	"Reanimator"	"/v/reanimator/106937715"	1
153	"Receiver"	"/v/receiver/106309947"	1
154	"Recoil"	"/v/recoil/106957123"	1
155	"Rest Assured"	"/v/rest-assured/105893133"	1
156	"Seek The Truth"	"/v/seek-the-truth/106290282"	1
157	"Sex Show"	"/v/sex-show/106370678"	1
158	"Sport for Brains"	"/v/sport-for-brains/106957146"	1
159	"Steelworker"	"/v/steelworker/106333624"	1
160	"Stool Sample"	"/v/stool-sample/108060970"	1
161	"Tourist Trap"	"/v/tourist-trap/106937723"	1
162	"Us and Them"	"/v/us-and-them/107368109"	1
163	"Wadcutter AKA Gumby Killer"	"/v/wadcutter-aka-gumby-killer/105870283"	1
164	"Windy corner"	"/v/windy-corner/106166699"	1
165	"Arms M. Bargo"	"/v/arms-m-bargo/105917872"	1
166	"Boogered"	"/v/boogered/105917603"	1
167	"Pop Tart"	"/v/pop-tart/105917599"	1
168	"Horsefly"	"/v/horsefly/110993297"	1
169	"Middle Rock"	"/v/middle-rock/105868251"	0
170	"North Rock"	"/v/north-rock/105868247"	0
171	"South Rock"	"/v/south-rock/105868255"	0
172	"South Ridge"	"/v/south-ridge/105868290"	1
173	"North Face, aka the Cable Route"	"/v/north-face-aka-the-cable-route/105868260"	1
174	"Keyhole Route"	"/v/keyhole-route/105868276"	1
175	"Nevermore"	"/v/nevermore/106837613"	1
176	"5.11 Jimmy and Spike Go Craggin''"	"/v/511-jimmy-and-spike-go-craggin/106176804"	1
177	"A Way of Life"	"/v/a-way-of-life/107717986"	1
178	"Big Crack"	"/v/big-crack/106840052"	1
179	"Burden of Dreams"	"/v/burden-of-dreams/108343367"	1
180	"Captain One Eye"	"/v/captain-one-eye/105870336"	1
181	"Coffee Talk"	"/v/coffee-talk/106641255"	1
182	"Come In Your Lycra"	"/v/come-in-your-lycra/105977711"	1
183	"Delusions of Grandeur"	"/v/delusions-of-grandeur/106641263"	1
184	"Electric Cowboy"	"/v/electric-cowboy/105917907"	1
185	"Flaring Crack"	"/v/flaring-crack/106840059"	1
186	"Grunt"	"/v/grunt/105891716"	1
187	"Hot Licks and Rhetoric"	"/v/hot-licks-and-rhetoric/105891720"	1
188	"Into the Purple Valley"	"/v/into-the-purple-valley/105872472"	1
189	"It Ain''t Easy Bein Squeezy"	"/v/it-aint-easy-bein-squeezy/107729227"	1
190	"Love Shack, The"	"/v/the-love-shack/106641271"	1
191	"Pebbly Poo"	"/v/pebbly-poo/105872480"	1
192	"Pleasant Surprise"	"/v/pleasant-surprise/106176791"	1
193	"Shish-kebab"	"/v/shish-kebab/107718010"	1
194	"Social Butterfly"	"/v/social-butterfly/106176798"	1
195	"A Fresh Start"	"/v/a-fresh-start/108877939"	1
196	"Armed"	"/v/armed/107639233"	1
197	"Bitchmobile"	"/v/bitchmobile/107286734"	1
198	"Black Friday"	"/v/black-friday/111927066"	1
199	"Chem Studs"	"/v/chem-studs/106837601"	1
200	"Crouching Tiger"	"/v/crouching-tiger/107989289"	1
201	"Danger Mouse"	"/v/danger-mouse/106371779"	1
202	"Double Helix"	"/v/double-helix/107090076"	1
203	"Dreams"	"/v/dreams/105868107"	1
204	"Hidden Dragon"	"/v/hidden-dragon/107989299"	1
205	"It''s a Wonderful Life"	"/v/its-a-wonderful-life/106371748"	1
206	"Menifee Meth"	"/v/menifee-meth/107699031"	1
207	"Misadventures of Nabisco County, Jr., The"	"/v/the-misadventures-of-nabisco-county-jr/110459238"	1
208	"Ol'' Yeller"	"/v/ol-yeller/112388613"	1
209	"People Gully"	"/v/people-gully/108877951"	1
210	"Please Don''t Feed the Triceratops"	"/v/please-dont-feed-the-triceratops/106371769"	1
211	"Refrigerator, The"	"/v/the-refrigerator/106371786"	1
212	"Ride ''em Cowboy"	"/v/ride-em-cowboy/107628759"	1
213	"Solar Flare"	"/v/solar-flare/110189042"	1
214	"Spinnacle "	"/v/spinnacle-/112388595"	1
215	"Super Gun"	"/v/super-gun/108877925"	1
216	"When Doves Cry"	"/v/when-doves-cry/107990173"	1
217	"X Files, The"	"/v/the-x-files/107699020"	1
218	"Duke''s Day"	"/v/dukes-day/105865736"	1
219	"Attack of the Sand Shark"	"/v/attack-of-the-sand-shark/106577327"	1
220	"Bobsledding"	"/v/bobsledding/107525875"	1
221	"Count Floyd Show"	"/v/count-floyd-show/105889544"	1
222	"Creature Feature"	"/v/creature-feature/105889536"	1
223	"Creep Show"	"/v/creep-show/105889540"	1
224	"Grand Bazaar"	"/v/grand-bazaar/108255409"	1
225	"Gum Traverse, The"	"/v/the-gum-traverse/109121041"	1
226	"Le Petite Bazaar"	"/v/le-petite-bazaar/108255417"	1
227	"Lord of the Flies"	"/v/lord-of-the-flies/106149032"	1
228	"Luck''s Up"	"/v/lucks-up/108255400"	1
229	"Overlord"	"/v/overlord/106149038"	1
230	"Perverse Intentions"	"/v/perverse-intentions/106727865"	1
231	"Phantasia"	"/v/phantasia/106333594"	1
232	"Pogue Ethics"	"/v/pogue-ethics/106149020"	1
233	"St. Alfonso''s"	"/v/st-alfonsos/105963178"	1
234	"Tomfoolery"	"/v/tomfoolery/107276677"	1
235	"Trogdor''s Crack (pending)"	"/v/trogdors-crack-pending/113100082"	1
236	"Twinkie"	"/v/twinkie/106132213"	1
237	"You Got Served"	"/v/you-got-served/108255429"	1
238	"Bob Marley"	"/v/bob-marley/106091151"	0
239	"Brightside"	"/v/brightside/107873732"	0
240	"Bronaugh Wall"	"/v/bronaugh-wall/106782212"	0
241	"Chica Bonita Wall"	"/v/chica-bonita-wall/106064908"	0
242	"Courtesy Wall"	"/v/courtesy-wall/107304759"	0
243	"Crossroads, The"	"/v/the-crossroads/106816777"	0
244	"Curbside"	"/v/curbside/106124432"	0
245	"Dark Side, The"	"/v/the-dark-side/106324386"	0
246	"Drive-By Crag"	"/v/drive-by-crag/106081597"	0
247	"Far Side"	"/v/far-side/106971701"	0
248	"Gallery, The"	"/v/the-gallery/106124262"	0
249	"Left Field"	"/v/left-field/106849624"	0
250	"North 40"	"/v/north-40/106124305"	0
251	"Playground, The"	"/v/the-playground/106173997"	0
252	"Purgatory"	"/v/purgatory/106575822"	0
253	"Rival Wall"	"/v/rival-wall/107132532"	0
254	"Shady Grove"	"/v/shady-grove/106585413"	0
255	"Ship Yard, The"	"/v/the-ship-yard/110334742"	0
256	"Shire, The"	"/v/the-shire/106885707"	0
257	"Solar Collector/Gold Coast"	"/v/solar-collectorgold-coast/105874434"	0
258	"Velo Crag"	"/v/velo-crag/109609520"	0
259	"Volunteer Wall"	"/v/volunteer-wall/106124276"	0
260	"What About Bob Wall"	"/v/what-about-bob-wall/107132481"	0
261	"Adventures of the Leper Nurse"	"/v/adventures-of-the-leper-nurse/108908601"	1
262	"Alternative Medicines"	"/v/alternative-medicines/107132492"	1
263	"Bowling Pain"	"/v/bowling-pain/107132510"	1
264	"Brothel Doc"	"/v/brothel-doc/109644863"	1
265	"Hole "	"/v/hole-/111818751"	1
266	"Kentucky Flu"	"/v/kentucky-flu/107336284"	1
267	"Maximus"	"/v/maximus/108384228"	1
268	"No Sleep Til'' Campton"	"/v/no-sleep-til-campton/107132484"	1
269	"Optical Rectitus"	"/v/optical-rectitus/107622061"	1
270	"Stem Cell "	"/v/stem-cell-/108384248"	1
271	"Threat Level Blue"	"/v/threat-level-blue/108182026"	1
272	"Weathertop Stings "	"/v/weathertop-stings-/108384240"	1
273	"Darwin Loves You"	"/v/darwin-loves-you/106653826"	1
274	"Donor"	"/v/donor/107180674"	1
275	"Family Tradition"	"/v/family-tradition/106309585"	1
276	"Farley''s Folly"	"/v/farleys-folly/108096318"	1
277	"First Time"	"/v/first-time/106849475"	1
278	"Generosity"	"/v/generosity/106969872"	1
279	"Helping Hands"	"/v/helping-hands/106538985"	1
280	"Hurt"	"/v/hurt/106849536"	1
281	"Johnny on Roofies"	"/v/johnny-on-roofies/106446581"	1
282	"Nice To Know You"	"/v/nice-to-know-you/107089996"	1
283	"Normalised Bramapithecus"	"/v/normalised-bramapithecus/107104918"	1
284	"Pinkies Extended"	"/v/pinkies-extended/108392096"	1
285	"Same Way"	"/v/same-way/108434225"	1
286	"Stephanie''s Cabaret"	"/v/stephanies-cabaret/108391863"	1
287	"Swap Meet"	"/v/swap-meet/106849486"	1
288	"Tong Shing"	"/v/tong-shing/106653818"	1
289	"Walmartification of Trad, The"	"/v/the-walmartification-of-trad/108478676"	1
290	"Century, The"	"/v/the-century/112273142"	1
291	"Dura-Ace"	"/v/dura-ace/109609523"	1
292	"Eddie Merckx Gets a Perm"	"/v/eddie-merckx-gets-a-perm/110334667"	1
293	"Lanterne Rouge"	"/v/lanterne-rouge/109609554"	1
294	"Lightning Rod Arete"	"/v/lightning-rod-arete/112216544"	1
295	"Real Girls Don''t Pumptrack"	"/v/real-girls-dont-pumptrack/112273137"	1
296	"Ultegra"	"/v/ultegra/110334638"	1
297	"7-11"	"/v/7-11/111146086"	1
298	"Amelia''s Birthday"	"/v/amelias-birthday/112796861"	1
299	"Black Gold"	"/v/black-gold/106975129"	1
300	"Blue Eyed Honkey Jesus"	"/v/blue-eyed-honkey-jesus/106954396"	1
301	"Brambly Downslide"	"/v/brambly-downslide/107080668"	1
302	"Broken Chicken Wing "	"/v/broken-chicken-wing-/107669659"	1
303	"Buddha Hole"	"/v/buddha-hole/106920312"	1
304	"Chester Fried Chicken"	"/v/chester-fried-chicken/108344446"	1
305	"Chicken Boy"	"/v/chicken-boy/106925383"	1
306	"Decline of Western Civilization"	"/v/decline-of-western-civilization/107878537"	1
307	"Erik''s First 5.6"	"/v/eriks-first-56/108434317"	1
308	"Erik''s Second 5.6"	"/v/eriks-second-56/110052415"	1
309	"Ethics Police"	"/v/ethics-police/106920320"	1
310	"Forgive Me Amy, For I Have Sent"	"/v/forgive-me-amy-for-i-have-sent/107845311"	1
311	"Fubar"	"/v/fubar/110295638"	1
312	"God''s Own Stone"	"/v/gods-own-stone/107055890"	1
313	"Golden Boy"	"/v/golden-boy/107055840"	1
314	"Golden Shower"	"/v/golden-shower/112310716"	1
315	"Green Horn"	"/v/green-horn/106707062"	1
316	"Herd Mentality"	"/v/herd-mentality/106324547"	1
317	"Highway Turtle"	"/v/highway-turtle/106975171"	1
318	"Lucky Duck Soup"	"/v/lucky-duck-soup/106817435"	1
319	"Mona Lisa Overdrive "	"/v/mona-lisa-overdrive-/106925375"	1
320	"No Fluff"	"/v/no-fluff/107055928"	1
321	"Norway On My Mind"	"/v/norway-on-my-mind/106973588"	1
322	"On the Prowl"	"/v/on-the-prowl/107133269"	1
323	"Peer Review"	"/v/peer-review/113237146"	1
324	"Perfect Pint, The"	"/v/the-perfect-pint/106875546"	1
325	"Rebar"	"/v/rebar/107080870"	1
326	"Red Shift"	"/v/red-shift/112305987"	1
327	"Slow Jack"	"/v/slow-jack/107606203"	1
328	"Smoothie Nut"	"/v/smoothie-nut/107834516"	1
329	"Space Junk"	"/v/space-junk/107371014"	1
330	"Sunny the Boxer"	"/v/sunny-the-boxer/108165689"	1
331	"Suns Out Guns Out"	"/v/suns-out-guns-out/111146769"	1
332	"Supafly"	"/v/supafly/106324559"	1
333	"Super Pinch"	"/v/super-pinch/106588480"	1
334	"True Love"	"/v/true-love/107055857"	1
335	"Zone of Silence"	"/v/zone-of-silence/106975163"	1
336	"Audie"	"/v/audie/106885721"	1
337	"Buffalo Crickets"	"/v/buffalo-crickets/111810339"	1
338	"Bulldozer"	"/v/bulldozer/106885753"	1
339	"Earth-Bound Misfit"	"/v/earth-bound-misfit/108857366"	1
340	"G-Man, The"	"/v/the-g-man/106885734"	1
341	"K.S.B."	"/v/ksb/106885779"	1
342	"Miranda Rayne"	"/v/miranda-rayne/106885726"	1
343	"My Name is Earl"	"/v/my-name-is-earl/107370652"	1
344	"Pee-Wee"	"/v/pee-wee/107807554"	1
345	"Significant Other"	"/v/significant-other/106885744"	1
346	"Cabin Boy Fever"	"/v/cabin-boy-fever/112893274"	1
347	"Kiss the Manta Ray"	"/v/kiss-the-manta-ray/110334755"	1
348	"Citizen''s Arete"	"/v/citizens-arete/106982510"	1
349	"Coming Out Party"	"/v/coming-out-party/106912621"	1
350	"Crucify Me"	"/v/crucify-me/107062126"	1
351	"False Idol"	"/v/false-idol/107062135"	1
352	"Far From God"	"/v/far-from-god/106912616"	1
353	"Girls Gone Wild..WOO!"	"/v/girls-gone-wildwoo/106702996"	1
354	"Irreverent C"	"/v/irreverent-c/108143848"	1
355	"Listerine Girl"	"/v/listerine-girl/107062156"	1
356	"Street Fight"	"/v/street-fight/108997649"	1
357	"Taste the Rainbow"	"/v/taste-the-rainbow/107534591"	1
358	"Which is Which"	"/v/which-is-which/113440070"	1
359	"Who is Who"	"/v/who-is-who/113237108"	1
360	"Who Knows?"	"/v/who-knows/110296041"	1
361	"Days of Thunder"	"/v/days-of-thunder/107860025"	1
362	"Delayed Gratification"	"/v/delayed-gratification/107132538"	1
363	"Hatfield"	"/v/hatfield/107132554"	1
364	"Lobster Claw"	"/v/lobster-claw/108421137"	1
365	"May As Well"	"/v/may-as-well/110861864"	1
366	"McCoy"	"/v/mccoy/110861833"	1
367	"Monobrow"	"/v/monobrow/107685747"	1
368	"Rorshach Inkblot Test"	"/v/rorshach-inkblot-test/107684861"	1
369	"Believer"	"/v/believer/106575856"	1
370	"Dracula ''04"	"/v/dracula-04/106584658"	1
371	"Fallen Angel"	"/v/fallen-angel/111835625"	1
372	"Fat Man''s Misery"	"/v/fat-mans-misery/112504012"	1
373	"Gimp, The"	"/v/the-gimp/107903491"	1
374	"Gluttony"	"/v/gluttony/106575842"	1
375	"Hellraiser"	"/v/hellraiser/106575837"	1
376	"Jumbo Shrimp"	"/v/jumbo-shrimp/107903509"	1
377	"Paradise Lost"	"/v/paradise-lost/106575827"	1
378	"Special Boy"	"/v/special-boy/106584667"	1
379	"Balance Beam"	"/v/balance-beam/107059260"	1
380	"Capture the Flag"	"/v/capture-the-flag/106604816"	1
381	"Crack the Whip"	"/v/crack-the-whip/106604822"	1
382	"Jungle Gym"	"/v/jungle-gym/106604805"	1
383	"Monkey Bars"	"/v/monkey-bars/106604790"	1
384	"Octopus Tag"	"/v/octopus-tag/106658553"	1
385	"Red Rover"	"/v/red-rover/107059233"	1
386	"Slide"	"/v/slide/106702543"	1
387	"Steal the Bacon"	"/v/steal-the-bacon/107059244"	1
388	"Teeter Totter"	"/v/teeter-totter/107059269"	1
389	"Tire Swing"	"/v/tire-swing/106702538"	1
390	"Amarillo Sunset"	"/v/amarillo-sunset/106286394"	1
391	"Barbed Wire"	"/v/barbed-wire/106782135"	1
392	"Samurai"	"/v/samurai/106782101"	1
393	"Summer Breeze"	"/v/summer-breeze/111679318"	1
394	"Yosemite Sam"	"/v/yosemite-sam/111206271"	1
395	"Apoplectic Chick from Missouri"	"/v/apoplectic-chick-from-missouri/107289398"	1
396	"Autograph"	"/v/autograph/107289404"	1
397	"Come To Me, Marie"	"/v/come-to-me-marie/108705380"	1
398	"Flee From Fixer"	"/v/flee-from-fixer/108732455"	1
399	"Jack Move"	"/v/jack-move/108078319"	1
400	"Jet Lag"	"/v/jet-lag/107289422"	1
401	"Lowered Expectations"	"/v/lowered-expectations/106849627"	1
402	"Return to Zoe"	"/v/return-to-zoe/111490745"	1
403	"Thru Space and Time"	"/v/thru-space-and-time/106973595"	1
404	" Murano"	"/v/-murano/106125082"	1
405	"27 Years of Climbing"	"/v/27-years-of-climbing/106125099"	1
406	"A Brief History of Climb"	"/v/a-brief-history-of-climb/106125070"	1
407	"All Draws and No Brains"	"/v/all-draws-and-no-brains/111490728"	1
408	"All That Glitters"	"/v/all-that-glitters/109612969"	1
409	"All That Quivers"	"/v/all-that-quivers/112832892"	1
410	"Bottle Infrontome"	"/v/bottle-infrontome/112802279"	1
411	"Break the Scene"	"/v/break-the-scene/106924124"	1
412	"Crimpy and the Brain"	"/v/crimpy-and-the-brain/111490719"	1
413	"Crude Awakening"	"/v/crude-awakening/111696284"	1
414	"Dain Bramage"	"/v/dain-bramage/112289843"	1
415	"Darkside of the Flume"	"/v/darkside-of-the-flume/107791113"	1
416	"DaVinci''s Left Ear"	"/v/davincis-left-ear/106937642"	1
417	"Different Strokes"	"/v/different-strokes/106702950"	1
418	"Frontal Lobotomy"	"/v/frontal-lobotomy/112802270"	1
419	"Gold Rush"	"/v/gold-rush/106980972"	1
420	"Guernica"	"/v/guernica/108469779"	1
421	"Guernica (To first anchor)"	"/v/guernica-to-first-anchor/108485824"	1
422	"Happy Trails"	"/v/happy-trails/106125118"	1
423	"Johnny B. Good"	"/v/johnny-b-good/106154626"	1
424	"King Lives On, The"	"/v/the-king-lives-on/106125110"	1
425	"Mosaic"	"/v/mosaic/106895798"	1
426	"No Brain, No Pain"	"/v/no-brain-no-pain/110293313"	1
427	"NoBody Wins"	"/v/nobody-wins/111757173"	1
428	"Preacher''s Daughter, The"	"/v/the-preachers-daughter/107879859"	1
429	"Random Precision"	"/v/random-precision/106577204"	1
430	"Short By a Foot"	"/v/short-by-a-foot/111910470"	1
431	"Starry Night"	"/v/starry-night/112289818"	1
432	"Zen and the Art of Masturbation"	"/v/zen-and-the-art-of-masturbation/108466010"	1
433	"Dirty Sanchez"	"/v/dirty-sanchez/106971704"	1
434	"Nameless"	"/v/nameless/112179454"	1
435	"Papa Loves Jugs"	"/v/papa-loves-jugs/107567697"	1
436	"Subject to Change"	"/v/subject-to-change/106971714"	1
437	"A Wave New World"	"/v/a-wave-new-world/109714325"	1
438	"Angry Birds"	"/v/angry-birds/108343714"	1
439	"Arachnophobia"	"/v/arachnophobia/106967509"	1
440	"Beer Belly"	"/v/beer-belly/106575738"	1
441	"Big Sinkin'' Breakdown"	"/v/big-sinkin-breakdown/110386937"	1
442	"Breakfast Burrito"	"/v/breakfast-burrito/106081922"	1
443	"Captain Turtle Head"	"/v/captain-turtle-head/111712903"	1
444	"Check Your Grip"	"/v/check-your-grip/106081909"	1
445	"Dangling Participle"	"/v/dangling-participle/111800807"	1
446	"Deeper is Better"	"/v/deeper-is-better/111769220"	1
447	"Dirty Smelly Hippie"	"/v/dirty-smelly-hippie/106510749"	1
448	"Easy Rider"	"/v/easy-rider/107915900"	1
449	"End of Days"	"/v/end-of-days/112511149"	1
450	"Extra Backup"	"/v/extra-backup/109446737"	1
451	"Fire and Brimstone"	"/v/fire-and-brimstone/106081931"	1
452	"George of the Jungle"	"/v/george-of-the-jungle/111769190"	1
453	"Guilty Pleasure"	"/v/guilty-pleasure/109717449"	1
454	"Hakuna Matata"	"/v/hakuna-matata/107329629"	1
455	"Hanging Tree, The"	"/v/the-hanging-tree/109694937"	1
456	"Harshin'' my Mellow"	"/v/harshin-my-mellow/109522470"	1
457	"Head and Shoulders"	"/v/head-and-shoulders/106124718"	1
458	"Jungle Direct"	"/v/jungle-direct/111769209"	1
459	"Junior''s Gesture"	"/v/juniors-gesture/109612467"	1
460	"Kaleidescope"	"/v/kaleidescope/106975111"	1
461	"Layback and Groove"	"/v/layback-and-groove/110415771"	1
462	"Maizy Mae"	"/v/maizy-mae/106298809"	1
463	"Make  A Wish"	"/v/make-a-wish/106081926"	1
464	"Mud on the Rug"	"/v/mud-on-the-rug/106765595"	1
465	"Naked Lunch"	"/v/naked-lunch/107906862"	1
466	"Pottsville Escarpment"	"/v/pottsville-escarpment/109481163"	1
467	"Primus Noctum"	"/v/primus-noctum/106091144"	1
468	"Return to Sender"	"/v/return-to-sender/109612502"	1
469	"Slick and the 9mm"	"/v/slick-and-the-9mm/106577353"	1
470	"Slut Men"	"/v/slut-men/109644830"	1
471	"Sojourner Truth"	"/v/sojourner-truth/109481550"	1
472	"Spank"	"/v/spank/106615729"	1
473	"Spirit Fingers"	"/v/spirit-fingers/106081940"	1
474	"Thug Life"	"/v/thug-life/109788732"	1
475	"Whip-Stocking"	"/v/whip-stocking/106081917"	1
476	"Whipper Snapper"	"/v/whipper-snapper/106081913"	1
477	"Yadda Yadda Yadda"	"/v/yadda-yadda-yadda/106260100"	1
478	"American Dream"	"/v/american-dream/106324532"	1
479	"Barn Dance"	"/v/barn-dance/108943392"	1
480	"Big Burly"	"/v/big-burly/107389029"	1
481	"Count Dooku"	"/v/count-dooku/110429174"	1
482	"Dagobah"	"/v/dagobah/111840469"	1
483	"Elephant Man"	"/v/elephant-man/107285975"	1
484	"Evil Emperor"	"/v/evil-emperor/107941228"	1
485	"Force, The"	"/v/the-force/106584648"	1
486	"Grippy Green"	"/v/grippy-green/108383625"	1
487	"It''s a Trap!"	"/v/its-a-trap/107941251"	1
488	"Mama Benson"	"/v/mama-benson/106324389"	1
489	"Mind Meld"	"/v/mind-meld/107055917"	1
490	"Padawan"	"/v/padawan/106324468"	1
491	"Phantom Menace"	"/v/phantom-menace/111309857"	1
492	"Praestantissimum"	"/v/praestantissimum/107900437"	1
493	"Return of Darth Moll"	"/v/return-of-darth-moll/107285945"	1
494	"Shanghai"	"/v/shanghai/106324515"	1
495	"Small Fry"	"/v/small-fry/106962365"	1
496	"Stormtrooper"	"/v/stormtrooper/107941233"	1
497	"Straight Outta Campton"	"/v/straight-outta-campton/107059702"	1
498	"Swing Line"	"/v/swing-line/107083640"	1
499	"Techulicious"	"/v/techulicious/107055923"	1
500	"Tusken Raider"	"/v/tusken-raider/107055911"	1
501	"Wookie Love Nest"	"/v/wookie-love-nest/107941237"	1
502	"Young Jedi"	"/v/young-jedi/107791090"	1
503	"Action over Apathy"	"/v/action-over-apathy/109641623"	1
504	"Ankle Brute"	"/v/ankle-brute/111608435"	1
505	"Conscription"	"/v/conscription/106782169"	1
506	"Curbside No Traction"	"/v/curbside-no-traction/111234838"	1
507	"Ghost in the Machine"	"/v/ghost-in-the-machine/106782196"	1
508	"Massive Attack"	"/v/massive-attack/109053849"	1
509	"Return of Frank Byron, The"	"/v/the-return-of-frank-byron/112064967"	1
510	"Second Labor of Hercules, The"	"/v/the-second-labor-of-hercules/106125052"	1
511	"Single Finger Salute"	"/v/single-finger-salute/108400396"	1
512	"Subtle Thievery"	"/v/subtle-thievery/111758881"	1
513	"Sudoku"	"/v/sudoku/109641602"	1
514	"Waltz the Deal"	"/v/waltz-the-deal/111220419"	1
515	"Wildfire"	"/v/wildfire/106782154"	1
516	"A1A"	"/v/a1a/106817338"	1
517	"Banjolero"	"/v/banjolero/107860456"	1
518	"Boilerplate"	"/v/boilerplate/106876099"	1
519	"Buckwheats Climb for Stef"	"/v/buckwheats-climb-for-stef/106817280"	1
520	"Cannabis Love Generator"	"/v/cannabis-love-generator/108337016"	1
521	"Country Boy, The"	"/v/the-country-boy/111822562"	1
522	"Deeznuts"	"/v/deeznuts/108301541"	1
523	"Fairweather Friend"	"/v/fairweather-friend/111124957"	1
524	"Hippie Speed Ball"	"/v/hippie-speed-ball/111840375"	1
525	"Jingus Khan"	"/v/jingus-khan/107941333"	1
526	"June Bug"	"/v/june-bug/108337000"	1
527	"Love Potion  9"	"/v/love-potion-9/108725080"	1
528	"N4"	"/v/n4/108725074"	1
529	"October Sky"	"/v/october-sky/107974272"	1
530	"Severn Bore"	"/v/severn-bore/108394782"	1
531	"Stephanie Bauer Route"	"/v/stephanie-bauer-route/106817310"	1
532	"Swallow the Hollow"	"/v/swallow-the-hollow/107974280"	1
533	"Turkey Crossing"	"/v/turkey-crossing/106817275"	1
534	"Wake and Bake"	"/v/wake-and-bake/108337049"	1
535	"Wrong Turn"	"/v/wrong-turn/111675898"	1
536	"Yell Fire!"	"/v/yell-fire/107860443"	1
537	"Aural Pleasure"	"/v/aural-pleasure/107556658"	1
538	"STD"	"/v/std/107551914"	1
539	"Tweaked Unit"	"/v/tweaked-unit/107304762"	1
540	"Wearing out my Welcome"	"/v/wearing-out-my-welcome/111251556"	1
541	"Welcomed Guest"	"/v/welcomed-guest/107556667"	1
542	"Baby Blue Eyes"	"/v/baby-blue-eyes/106065321"	1
543	"Be My Yoko Ono"	"/v/be-my-yoko-ono/107861392"	1
544	"Bessie"	"/v/bessie/106065327"	1
545	"Brolo El Cunado"	"/v/brolo-el-cunado/112562988"	1
546	"Brown Eyed Girl"	"/v/brown-eyed-girl/106065316"	1
547	"Cheaper Than a Movie"	"/v/cheaper-than-a-movie/106064911"	1
548	"Cold Hard Bitch"	"/v/cold-hard-bitch/112444779"	1
549	"Colt 45"	"/v/colt-45/110428482"	1
550	"Dude Abides, The"	"/v/the-dude-abides/107334440"	1
551	"Flying The Bird"	"/v/flying-the-bird/107353489"	1
552	"Fresh off the Bone"	"/v/fresh-off-the-bone/112237173"	1
553	"Good Gravy"	"/v/good-gravy/112219423"	1
554	"Hellava Caucasian"	"/v/hellava-caucasian/109316505"	1
555	"Hot Drama Teacher"	"/v/hot-drama-teacher/106065301"	1
556	"I''ll Take Sue"	"/v/ill-take-sue/107353375"	1
557	"King Cobra"	"/v/king-cobra/110429162"	1
558	"Laying Pipe under the Bridge"	"/v/laying-pipe-under-the-bridge/108875781"	1
559	"Lets get drunk and think about it "	"/v/lets-get-drunk-and-think-about-it-/111818759"	1
560	"Mary Pop-Parazzi"	"/v/mary-pop-parazzi/110606875"	1
561	"Old English"	"/v/old-english/108121461"	1
562	"Pocahontas Path"	"/v/pocahontas-path/107353477"	1
563	"Raindancer"	"/v/raindancer/106065295"	1
564	"Ridin'' the Short Buzz"	"/v/ridin-the-short-buzz/107334457"	1
565	"Rinse and Repeat"	"/v/rinse-and-repeat/106123263"	1
566	"She Might be a Liar"	"/v/she-might-be-a-liar/110429182"	1
567	"Size Doesn''t Matter"	"/v/size-doesnt-matter/107353391"	1
568	"Spice of Life, The"	"/v/the-spice-of-life/107416223"	1
569	"That''s What She Said"	"/v/thats-what-she-said/107353405"	1
570	"When Rats Attack"	"/v/when-rats-attack/106065310"	1
571	"You Take Sally"	"/v/you-take-sally/107353365"	1
572	"Belly of the Beast"	"/v/belly-of-the-beast/106782221"	1
573	"Collision Damage"	"/v/collision-damage/108195152"	1
574	"Jingus"	"/v/jingus/106783827"	1
575	"Like A Turtle"	"/v/like-a-turtle/107180626"	1
576	"Little Teapot"	"/v/little-teapot/106982516"	1
577	"Muffintop"	"/v/muffintop/108397003"	1
578	"Nanotechnology"	"/v/nanotechnology/111775561"	1
579	"Spyder''s Hangout"	"/v/spyders-hangout/108446305"	1
580	"Take the Scary out of Life"	"/v/take-the-scary-out-of-life/107180642"	1
581	"Two Women Alone"	"/v/two-women-alone/106782241"	1
582	"Upworthy"	"/v/upworthy/113236994"	1
583	"Better Eat Yo'' Wheatleys"	"/v/better-eat-yo-wheatleys/107941299"	1
584	"Blowin'' Loadz"	"/v/blowin-loadz/107941279"	1
585	"Brownian Motion"	"/v/brownian-motion/109029415"	1
586	"Bush League"	"/v/bush-league/107941273"	1
587	"Chica Loca"	"/v/chica-loca/107873758"	1
588	"Crown of Thorns"	"/v/crown-of-thorns/107941261"	1
589	"Deep Fried"	"/v/deep-fried/107941311"	1
590	"Dog Bites & Fistfights"	"/v/dog-bites--fistfights/107941289"	1
591	"Epigyne"	"/v/epigyne/107941316"	1
592	"Fresh Baked"	"/v/fresh-baked/107941305"	1
593	"Golden Brown"	"/v/golden-brown/107941265"	1
594	"Medicine Man"	"/v/medicine-man/107941294"	1
595	"Pickpocket"	"/v/pickpocket/108121447"	1
596	"Sandy Malone"	"/v/sandy-malone/108121451"	1
597	"Scalawagarus"	"/v/scalawagarus/107873743"	1
598	"Smokin on Kesha"	"/v/smokin-on-kesha/107873752"	1
599	"Tongue-punch"	"/v/tongue-punch/109582040"	1
600	"Archangel"	"/v/archangel/111060429"	1
601	"Beta-vul Pipeline"	"/v/beta-vul-pipeline/106118250"	1
602	"Bloodbath"	"/v/bloodbath/106615717"	1
603	"Crosley"	"/v/crosley/106945188"	1
604	"Demon Seed"	"/v/demon-seed/109253387"	1
605	"Dogleg"	"/v/dogleg/106290553"	1
606	"Eyeball Chaw"	"/v/eyeball-chaw/108405570"	1
607	"Flush"	"/v/flush/109477782"	1
608	"Horn"	"/v/horn/106290540"	1
609	"Moment of Truth"	"/v/moment-of-truth/107988925"	1
610	"No Redemption"	"/v/no-redemption/108750922"	1
611	"Reticent"	"/v/reticent/109553036"	1
612	"Skinny Love"	"/v/skinny-love/109636763"	1
613	"Tacit"	"/v/tacit/106290528"	1
614	"Toker"	"/v/toker/106427242"	1
615	"Tony''s Happy Christmas Crack"	"/v/tonys-happy-christmas-crack/106712556"	1
616	"Ultra-perm"	"/v/ultra-perm/109864674"	1
617	"Velvet"	"/v/velvet/106104569"	1
618	"Waiting for JJ"	"/v/waiting-for-jj/111712891"	1
619	"Where''s JJ?"	"/v/wheres-jj/111712886"	1
620	"Where''s the Beef?"	"/v/wheres-the-beef/108727772"	1
621	"Arrowhead, The"	"/v/the-arrowhead/105869491"	1
622	"Beachcomber"	"/v/beachcomber/105872860"	1
623	"Big Money "	"/v/big-money-/106373015"	1
624	"Blood Money"	"/v/blood-money/111146059"	1
625	"Brontosaurus"	"/v/brontosaurus/105860631"	1
626	"Central Scrutinizer"	"/v/central-scrutinizer/105865483"	1
627	"Environmental Impact"	"/v/environmental-impact/105860612"	1
628	"High Noon"	"/v/high-noon/105885214"	1
629	"Ju Ju"	"/v/ju-ju/105885386"	1
630	"Physical Attraction"	"/v/physical-attraction/106176114"	1
631	"Razorback"	"/v/razorback/105872786"	1
632	"Reserved Seating"	"/v/reserved-seating/105885193"	1
633	"Roaming the Halls"	"/v/roaming-the-halls/109460220"	1
634	"Scabies"	"/v/scabies/105860576"	1
635	"Seam, The"	"/v/the-seam/107618215"	1
636	"Straight Edge"	"/v/straight-edge/105885201"	1
637	"Sunburn"	"/v/sunburn/105886882"	1
638	"Sundance"	"/v/sundance/105885373"	1
639	"Welcome to ol'' Kentuck"	"/v/welcome-to-ol-kentuck/106292346"	1
640	"Zambezi Plunge"	"/v/zambezi-plunge/105891711"	1
641	"Bouldering area"	"/v/bouldering-area/105872865"	0
642	"Main Wall"	"/v/main-wall/105872868"	0
643	"Bloody Fingers"	"/v/bloody-fingers/106447823"	1
644	"Carnivorous"	"/v/carnivorous/111797776"	1
645	"Casual Corner"	"/v/casual-corner/112023714"	1
646	"Close Encounters with a Wench"	"/v/close-encounters-with-a-wench/111797709"	1
647	"Grand Illusion"	"/v/grand-illusion/106447831"	1
648	"Mama Told Me Not To Come"	"/v/mama-told-me-not-to-come/105880847"	1
649	"Muscle Shoals"	"/v/muscle-shoals/106382718"	1
650	"Punch Myself"	"/v/punch-myself/105880888"	1
651	"Rock Rash"	"/v/rock-rash/106385186"	1
652	"Rocket Man"	"/v/rocket-man/105880881"	1
653	"Surfin'' With Grizz"	"/v/surfin-with-grizz/105880865"	1
654	"When Gravity Fails"	"/v/when-gravity-fails/105880857"	1
655	"Woman Trouble"	"/v/woman-trouble/108434200"	1
656	"Dark Lord"	"/v/dark-lord/106730222"	1
657	"Forever Yellow Skies"	"/v/forever-yellow-skies/106730216"	1
658	"Jerk, The"	"/v/the-jerk/106840270"	1
659	"Minas Ithil"	"/v/minas-ithil/106730242"	1
660	"Perfectly Normal Beast"	"/v/perfectly-normal-beast/106837597"	1
661	"Positive Energy"	"/v/positive-energy/106837589"	1
662	"Animal Crackers Wall"	"/v/animal-crackers-wall/107124307"	0
663	"Arsenal, The"	"/v/the-arsenal/106862479"	0
664	"Bibliothek"	"/v/bibliothek/106937686"	0
665	"Boneyard, The"	"/v/the-boneyard/106603087"	0
666	"Bowling Alley, The"	"/v/the-bowling-alley/106447762"	0
667	"Bruise Brothers Wall"	"/v/bruise-brothers-wall/106061898"	0
668	"Coyote Cliff"	"/v/coyote-cliff/107131358"	0
669	"Fire Wall, The"	"/v/the-fire-wall/107203542"	0
670	"Front Porch Wall"	"/v/front-porch-wall/113540706"	0
671	"Great Arch, The"	"/v/great-arch-the/106773949"	0
672	"Great Wall, The"	"/v/the-great-wall/106580245"	0
673	"Guide Wall"	"/v/guide-wall/107204410"	0
674	"Hideout, The"	"/v/the-hideout/106463618"	0
675	"Indy Wall"	"/v/indy-wall/106123650"	0
676	"Inner Sanctum"	"/v/inner-sanctum/106128954"	0
677	"Ivory Tower"	"/v/ivory-tower/111757286"	0
678	"Johnny''s Wall"	"/v/johnnys-wall/106272456"	0
679	"Land Before Time Wall"	"/v/land-before-time-wall/106962289"	0
680	"Midnight Surf"	"/v/midnight-surf/106586312"	0
681	"Persepolis"	"/v/persepolis/106603140"	0
682	"Practice Wall"	"/v/practice-wall/106767074"	0
683	"Recess Rock"	"/v/recess-rock/113514576"	0
684	"Sanctuary, The"	"/v/the-sanctuary/106128414"	0
685	"Shawnee Shelter"	"/v/shawnee-shelter/107860416"	0
686	"Slab City"	"/v/slab-city/106773966"	0
687	"Solarium, The"	"/v/the-solarium/105948269"	0
688	"South Side"	"/v/south-side/111104328"	0
689	"Stadium, The"	"/v/the-stadium/106059208"	0
690	"Stronghold, The"	"/v/the-stronghold/111757270"	0
691	"Sunbeam Buttress"	"/v/sunbeam-buttress/106915626"	0
692	"Sunnyside"	"/v/sunnyside/106061912"	0
693	"Tectonic Wall"	"/v/tectonic-wall/106065458"	0
694	"Washboard Wall"	"/v/washboard-wall/106417255"	0
695	"Barenjager"	"/v/barenjager/107841212"	1
696	"Brushfire Fairytales"	"/v/brushfire-fairytales/106577860"	1
697	"Cordillera Rojo"	"/v/cordillera-rojo/107841202"	1
698	"Heard It On NPR"	"/v/heard-it-on-npr/107123636"	1
699	"Sierra''s Travels"	"/v/sierras-travels/111712932"	1
700	"Spider Crux"	"/v/spider-crux/111712924"	1
701	"Tradmill"	"/v/tradmill/106417258"	1
702	"Ball and Chain"	"/v/ball-and-chain/113600344"	1
703	"Continental Drift"	"/v/continental-drift/108087253"	1
704	"Cottonmouth (a.k.a. Boom-Slang)"	"/v/cottonmouth-aka-boom-slang/111223306"	1
705	"Dime a Dozen"	"/v/dime-a-dozen/111170638"	1
706	"Fifth Bolt Faith"	"/v/fifth-bolt-faith/106170048"	1
707	"Gettin'' Lucky in Kentucky"	"/v/gettin-lucky-in-kentucky/106065461"	1
708	"Paraplegic Power"	"/v/paraplegic-power/110252082"	1
709	"Plate Tectonics"	"/v/plate-tectonics/106065471"	1
710	"Serpentine"	"/v/serpentine/110458752"	1
711	"Tall Cool One"	"/v/tall-cool-one/106189887"	1
712	"Baccaus Goes Climbing"	"/v/baccaus-goes-climbing/106712489"	1
713	"BLM"	"/v/blm/113518464"	1
714	"Continental"	"/v/continental/107374670"	1
715	"Dingo the Gringo"	"/v/dingo-the-gringo/107131436"	1
716	"Enganche"	"/v/enganche/109694699"	1
717	"Fear or Common Sense"	"/v/fear-or-common-sense/106061915"	1
718	"Jacob''s Ladder"	"/v/jacobs-ladder/108688311"	1
719	"Kokopeli''s Dream"	"/v/kokopelis-dream/106574064"	1
720	"Machete"	"/v/machete/106599147"	1
721	"Mini Me"	"/v/mini-me/111745502"	1
722	"Some Humans Ain''t Human"	"/v/some-humans-aint-human/107131450"	1
723	"Suppress the Rage"	"/v/suppress-the-rage/106574070"	1
724	"Velvet Revolution"	"/v/velvet-revolution/107152673"	1
725	"Velveteen"	"/v/velveteen/108175651"	1
726	"Virgin Bolter Tag Team"	"/v/virgin-bolter-tag-team/106599140"	1
727	"Weed Eater"	"/v/weed-eater/106937596"	1
728	"Backstabber"	"/v/backstabber/107855134"	1
729	"Moonshine"	"/v/moonshine/106915629"	1
730	"Morning Sun"	"/v/morning-sun/108061908"	1
731	"Out of the Dark"	"/v/out-of-the-dark/107506355"	1
732	"Predator"	"/v/predator/106928325"	1
733	"Prey"	"/v/prey/108061921"	1
734	"Radical Evolution"	"/v/radical-evolution/107885107"	1
735	"Revenge of the Sith"	"/v/revenge-of-the-sith/108360900"	1
736	"Stems and Seeds"	"/v/stems-and-seeds/108885373"	1
737	"Sunbeam"	"/v/sunbeam/106915637"	1
738	"Universal Gravitation"	"/v/universal-gravitation/108144702"	1
739	"Where''s My Chisel"	"/v/wheres-my-chisel/107855115"	1
740	"Geronimo "	"/v/geronimo-/112321865"	1
741	"Rock the Casbah"	"/v/rock-the-casbah/112321880"	1
742	"Areterection"	"/v/areterection/106065258"	1
743	"Ascentuality"	"/v/ascentuality/106059353"	1
744	"Augenblick"	"/v/augenblick/106059358"	1
745	"Cheetah"	"/v/cheetah/106575806"	1
746	"ED"	"/v/ed/106065125"	1
747	"Indecision"	"/v/indecision/107132444"	1
748	"Kentucky Waterfall"	"/v/kentucky-waterfall/107624314"	1
749	"Melancholy Mechanics"	"/v/melancholy-mechanics/106059221"	1
750	"No Bones About It"	"/v/no-bones-about-it/106059211"	1
751	"Scrumbulglazer"	"/v/scrumbulglazer/106059217"	1
752	"Tradisfaction"	"/v/tradisfaction/106065691"	1
753	"Treetop Terror"	"/v/treetop-terror/106065250"	1
754	"Tug-O-War"	"/v/tug-o-war/106065237"	1
755	"Walk the Line"	"/v/walk-the-line/107132457"	1
756	"Bouldergeist"	"/v/bouldergeist/111756100"	1
757	"Abiyoyo"	"/v/abiyoyo/106978712"	1
758	"Air Ride Equipped"	"/v/air-ride-equipped/106586504"	1
759	"Banshee"	"/v/banshee/106333612"	1
760	"Bundle of Joy"	"/v/bundle-of-joy/109553099"	1
761	"Delicatessen"	"/v/delicatessen/108867060"	1
762	"Galunlati"	"/v/galunlati/106333606"	1
763	"Magnum Opus"	"/v/magnum-opus/107250844"	1
764	"Manifest Destiny"	"/v/manifest-destiny/106316623"	1
765	"Mirage"	"/v/mirage/107331394"	1
766	"Project"	"/v/project/112574093"	1
767	"So Long Mr. Petey"	"/v/so-long-mr-petey/108434413"	1
768	"Summer Sunshine"	"/v/summer-sunshine/107387111"	1
769	"Super Best Friends"	"/v/super-best-friends/106852348"	1
770	"Urban Voodoo"	"/v/urban-voodoo/109553082"	1
771	"Go West"	"/v/go-west/106817493"	1
772	"Return to Balance"	"/v/return-to-balance/106773969"	1
773	"Sacred Stones"	"/v/sacred-stones/107250825"	1
774	"Strip the Willows"	"/v/strip-the-willows/107250830"	1
775	"Thrillbillies"	"/v/thrillbillies/107250835"	1
776	"Noo-Tha"	"/v/noo-tha/108548047"	1
777	"Tecumseh''s Curse"	"/v/tecumsehs-curse/107860419"	1
778	"Waterfall Ballet"	"/v/waterfall-ballet/107860429"	1
779	"Atlas Shrugged"	"/v/atlas-shrugged/110726339"	1
780	"Blue Collar"	"/v/blue-collar/107360960"	1
781	"Budda Slept"	"/v/budda-slept/107239466"	1
782	"Cruxifixion"	"/v/cruxifixion/106603960"	1
783	"Dirty Old Men"	"/v/dirty-old-men/107360940"	1
784	"First Fall"	"/v/first-fall/106128420"	1
785	"Hoosier Boys"	"/v/hoosier-boys/106235349"	1
786	"Immaculate Deception"	"/v/immaculate-deception/106255347"	1
787	"Jesus Wept"	"/v/jesus-wept/106333601"	1
788	"Name Dropper"	"/v/name-dropper/108092260"	1
789	"Peace Frog"	"/v/peace-frog/106602941"	1
790	"Prometheus Unbound"	"/v/prometheus-unbound/106575798"	1
791	"Triple Sec aka Fifty Bucks"	"/v/triple-sec-aka-fifty-bucks/106193281"	1
792	"Child''s Play"	"/v/childs-play/113514587"	1
793	"School of Rock"	"/v/school-of-rock/113514753"	1
794	"T''s Knobs"	"/v/ts-knobs/113514692"	1
795	"Who Pooped the Playground"	"/v/who-pooped-the-playground/113514800"	1
796	"A Happy Ending"	"/v/a-happy-ending/111712962"	1
797	"Acrophobiacs Anonymous"	"/v/acrophobiacs-anonymous/106792383"	1
798	"Ai Bang Mai Fa Kin Ni"	"/v/ai-bang-mai-fa-kin-ni/106793328"	1
799	"Another One Fights the Rust"	"/v/another-one-fights-the-rust/111712953"	1
800	"BDSM"	"/v/bdsm/108319711"	1
801	"Beta Spewer"	"/v/beta-spewer/106792065"	1
802	"Creeping Elegance"	"/v/creeping-elegance/107239404"	1
803	"Crescendo"	"/v/crescendo/107121352"	1
804	"Crescent Moon"	"/v/crescent-moon/106969859"	1
805	"Dragon''s Mouth"	"/v/dragons-mouth/107640368"	1
806	"Dragon''s Tail"	"/v/dragons-tail/107121323"	1
807	"Handout, The"	"/v/the-handout/107297174"	1
808	"Kate''s 1st Trad Lead"	"/v/kates-1st-trad-lead/106792394"	1
809	"Low Exposure"	"/v/low-exposure/106792402"	1
810	"Mercenary of the Mandarin Chicken"	"/v/mercenary-of-the-mandarin-chicken/106793339"	1
811	"Night Foxx"	"/v/night-foxx/107239443"	1
812	"Shawty"	"/v/shawty/106793348"	1
813	"Sheet Rock"	"/v/sheet-rock/107239454"	1
814	"Short and Sweet"	"/v/short-and-sweet/106767080"	1
815	"Slabalito"	"/v/slabalito/106793304"	1
816	"Slither and Squeeze"	"/v/slither-and-squeeze/106792369"	1
817	"Smear Tactics"	"/v/smear-tactics/107239431"	1
818	"Sweet and Sour"	"/v/sweet-and-sour/106817486"	1
819	"Yu Stin Ki Pu"	"/v/yu-stin-ki-pu/106793318"	1
820	"Zendebad"	"/v/zendebad/106603146"	1
821	"A Farewell to Arms"	"/v/a-farewell-to-arms/111219814"	1
822	"Babyface"	"/v/babyface/108192516"	1
823	"Cell Block Six"	"/v/cell-block-six/106586323"	1
824	"Crucible, The"	"/v/the-crucible/107379996"	1
825	"Iniquity"	"/v/iniquity/106586316"	1
826	"Mellow Yellow"	"/v/mellow-yellow/107239389"	1
827	"Shiva"	"/v/shiva/111204592"	1
828	"Tapeworm"	"/v/tapeworm/106603013"	1
829	"Tree Hugger"	"/v/tree-hugger/110933299"	1
830	"Vortex"	"/v/vortex/111716896"	1
831	"Basilisk"	"/v/basilisk/106973554"	1
832	"Coprolite"	"/v/coprolite/106973561"	1
833	"Neanderfall"	"/v/neanderfall/106968665"	1
834	"Prehistoric Extermination"	"/v/prehistoric-extermination/106968591"	1
835	"Ryanosaurus"	"/v/ryanosaurus/106968604"	1
836	"Sabertooth"	"/v/sabertooth/107239363"	1
837	"Unhappy Feet"	"/v/unhappy-feet/107699042"	1
838	"Watering Hole"	"/v/watering-hole/107321623"	1
839	"2 Chicken Butts"	"/v/2-chicken-butts/106272501"	1
840	"59 DrillBitch"	"/v/59-drillbitch/106614611"	1
841	"Bethel"	"/v/bethel/106614620"	1
842	"Brain Stem"	"/v/brain-stem/106598508"	1
843	"Burning Bush"	"/v/burning-bush/106783054"	1
844	"Climbing with Crowbars"	"/v/climbing-with-crowbars/106598499"	1
845	"Mancala"	"/v/mancala/106921324"	1
846	"Spinner"	"/v/spinner/106614626"	1
847	"Thanks Holly"	"/v/thanks-holly/106272484"	1
848	"Stallion , The"	"/v/the-stallion-/111809791"	1
849	"Bad Company"	"/v/bad-company/106128972"	1
850	"Consenting Adult"	"/v/consenting-adult/111598105"	1
851	"Cosmic Trigger"	"/v/cosmic-trigger/106603157"	1
852	"Karmic Retribution"	"/v/karmic-retribution/106286405"	1
853	"Naughty Neighbors"	"/v/naughty-neighbors/106128957"	1
854	"Netizen Hacktivist"	"/v/netizen-hacktivist/106579695"	1
855	"Psyberpunk"	"/v/psyberpunk/106915706"	1
856	"Quaquaversal Crack"	"/v/quaquaversal-crack/108687127"	1
857	"Annie the Annihilator"	"/v/annie-the-annihilator/106128246"	1
858	"Face Up to That Arete"	"/v/face-up-to-that-arete/107807510"	1
859	"Happy Fisherman, The"	"/v/the-happy-fisherman/106421904"	1
860	"Makin'' Bacon"	"/v/makin-bacon/106128257"	1
861	"Mentor Powers"	"/v/mentor-powers/106193276"	1
862	"Mid-Life Crisis"	"/v/mid-life-crisis/106441777"	1
863	"Muir the Merrier, The"	"/v/the-muir-the-merrier/106255358"	1
864	"Owgli Mowgli"	"/v/owgli-mowgli/111316758"	1
865	"Parasite"	"/v/parasite/107238465"	1
866	"Posse Whipped"	"/v/posse-whipped/107238445"	1
867	"Social Stigma"	"/v/social-stigma/107238454"	1
868	"Stretcherous"	"/v/stretcherous/106123658"	1
869	"Tight Lipped"	"/v/tight-lipped/111785521"	1
870	"All Mixed Up"	"/v/all-mixed-up/107219559"	1
871	"Apotheosis Denied"	"/v/apotheosis-denied/107225708"	1
872	"Beware the Bear"	"/v/beware-the-bear/106789884"	1
873	"Boltergeist"	"/v/boltergeist/106580228"	1
874	"Born Again Christian"	"/v/born-again-christian/112522371"	1
875	"Bourbon and Bluegrass"	"/v/bourbon-and-bluegrass/108362793"	1
876	"Bushwhacked"	"/v/bushwhacked/108362895"	1
877	"Call of the Wild"	"/v/call-of-the-wild/107640216"	1
878	"Cruisin'' for a Bruisin''"	"/v/cruisin-for-a-bruisin/106937607"	1
879	"Dance of the Druids"	"/v/dance-of-the-druids/107255588"	1
880	"Earthsurfer"	"/v/earthsurfer/106956734"	1
881	"Hoot and Holler"	"/v/hoot-and-holler/112811468"	1
882	"International Route of Pancakes"	"/v/international-route-of-pancakes/106580234"	1
883	"Mantle Peace"	"/v/mantle-peace/110978947"	1
884	"Moots Madness"	"/v/moots-madness/106937614"	1
885	"Old School"	"/v/old-school/111713375"	1
886	"Pre-emptive Strike"	"/v/pre-emptive-strike/106463621"	1
887	"Shock and Awe"	"/v/shock-and-awe/106789874"	1
888	"Special K"	"/v/special-k/106962278"	1
889	"Archeologist, The"	"/v/the-archeologist/107204428"	1
890	"Built for Life"	"/v/built-for-life/107205256"	1
891	"Fear of Commitment"	"/v/fear-of-commitment/107204424"	1
892	"Irish Mud"	"/v/irish-mud/107204420"	1
893	"Mona Lisa Crack"	"/v/mona-lisa-crack/107205260"	1
894	"Parks and Rec"	"/v/parks-and-rec/107204414"	1
895	"Bitter Ray of Sunshine"	"/v/bitter-ray-of-sunshine/106451181"	1
896	"Buccaneer"	"/v/buccaneer/107204398"	1
897	"Dynabolt Gold"	"/v/dynabolt-gold/106422472"	1
898	"Edge-a-Sketch"	"/v/edge-a-sketch/106657106"	1
899	"Glory and Consequence"	"/v/glory-and-consequence/106580249"	1
900	"La Escalada"	"/v/la-escalada/106580266"	1
901	"Ledgends of Limonite"	"/v/ledgends-of-limonite/106580254"	1
902	"Ledgends of Limonite (direct start)"	"/v/ledgends-of-limonite-direct-start/106944299"	1
903	"Little T-Bone"	"/v/little-t-bone/106915658"	1
904	"Momma Cindy"	"/v/momma-cindy/106915673"	1
905	"Ohio Arts"	"/v/ohio-arts/107204390"	1
906	"Touch of Grey"	"/v/touch-of-grey/106451192"	1
907	"Weapons of Mass Deception"	"/v/weapons-of-mass-deception/106915646"	1
908	"Battery Life"	"/v/battery-life/107131332"	1
909	"Beef Stick"	"/v/beef-stick/107204361"	1
910	"Black Powder"	"/v/black-powder/107143575"	1
911	"Double Stuff"	"/v/double-stuff/107204346"	1
912	"Dyn-O-Mite"	"/v/dyn-o-mite/106773955"	1
913	"Ear Drops"	"/v/ear-drops/106799739"	1
914	"Hunt For Red''s October, The"	"/v/the-hunt-for-reds-october/110879684"	1
915	"Lip Service"	"/v/lip-service/106935993"	1
916	"Night Moves"	"/v/night-moves/107143145"	1
917	"Dripity Dew Da"	"/v/dripity-dew-da/113540740"	1
918	"Grandma''s Rocker"	"/v/grandmas-rocker/113540711"	1
919	"Porch Potato"	"/v/porch-potato/113540730"	1
920	"Driller Instinct"	"/v/driller-instinct/107203545"	1
921	"Firestarter"	"/v/firestarter/107203553"	1
922	"Oddballs"	"/v/oddballs/107203560"	1
923	"Bombardier"	"/v/bombardier/107203502"	1
924	"Buddhalicious"	"/v/buddhalicious/107203525"	1
925	"Golden Box"	"/v/golden-box/107333907"	1
926	"Golden Road"	"/v/golden-road/107203531"	1
927	"Manteleer"	"/v/manteleer/107203510"	1
928	"Mum Mum"	"/v/mum-mum/107203517"	1
929	"Renegade"	"/v/renegade/108339057"	1
930	"Retirement Day"	"/v/retirement-day/108885357"	1
931	"Thunderclinger"	"/v/thunderclinger/107131365"	1
932	"Trundling Trolls"	"/v/trundling-trolls/107203497"	1
933	"A-Beano"	"/v/a-beano/106085035"	1
934	"Bee''s Business"	"/v/bees-business/107116591"	1
935	"CH4"	"/v/ch4/106130307"	1
936	"Critters on the Cliff"	"/v/critters-on-the-cliff/106061920"	1
937	"Dirt In Eye"	"/v/dirt-in-eye/112222138"	1
938	"Don''t Take Yer Guns to Town"	"/v/dont-take-yer-guns-to-town/106579371"	1
939	"Flutterby Blue"	"/v/flutterby-blue/106712455"	1
940	"Get on the Good Foot"	"/v/get-on-the-good-foot/106130298"	1
941	"Hey There Fancy Pants"	"/v/hey-there-fancy-pants/106064500"	1
942	"Immodium AD"	"/v/immodium-ad/106579384"	1
943	"Jungle Trundler"	"/v/jungle-trundler/106129989"	1
944	"Little Viper"	"/v/little-viper/106065268"	1
945	"Offering, The"	"/v/the-offering/106085047"	1
946	"Ohio Climbing"	"/v/ohio-climbing/108524421"	1
947	"P. Heist Rockway to Heaven, The"	"/v/the-p-heist-rockway-to-heaven/106861600"	1
948	"Pine Needle Shuffle "	"/v/pine-needle-shuffle-/112222167"	1
949	"Put the Best Foot Forward"	"/v/put-the-best-foot-forward/106085039"	1
950	"Rat Stew"	"/v/rat-stew/106061906"	1
951	"Redeye Brew"	"/v/redeye-brew/106432960"	1
952	"Redriveroutdoors.com"	"/v/redriveroutdoorscom/106727830"	1
953	"Return of Manimal"	"/v/return-of-manimal/106061901"	1
954	"Rising"	"/v/rising/106302099"	1
955	"Send Me on My Way"	"/v/send-me-on-my-way/106085043"	1
956	"Stay Off the Radio Jeff!"	"/v/stay-off-the-radio-jeff/107596000"	1
957	"Sweet Jane"	"/v/sweet-jane/106286280"	1
958	"Tomthievery (aka The Sultan Returns)"	"/v/tomthievery-aka-the-sultan-returns/106600925"	1
959	"Trundling Kentucky"	"/v/trundling-kentucky/107537571"	1
960	"Workin'' For The Weekend"	"/v/workin-for-the-weekend/106130303"	1
961	"Expresso"	"/v/expresso/107203392"	1
962	"Imminent Demise"	"/v/imminent-demise/106447766"	1
963	"King Pin"	"/v/king-pin/107203385"	1
964	"Steel Reserve"	"/v/steel-reserve/107203377"	1
965	"Abby Gabby Goo"	"/v/abby-gabby-goo/107203314"	1
966	"Armed Insurrection"	"/v/armed-insurrection/106937663"	1
967	"Bangers and Mash"	"/v/bangers-and-mash/107203346"	1
968	"Captain Blonde Sinks The Ship"	"/v/captain-blonde-sinks-the-ship/106603108"	1
969	"Cindarella"	"/v/cindarella/106937656"	1
970	"First Fast Draw, The"	"/v/the-first-fast-draw/107203275"	1
971	"Flavor of the Week: McMoose Knuckle"	"/v/flavor-of-the-week-mcmoose-knuckle/110973084"	1
972	"Flying Serpents"	"/v/flying-serpents/107203325"	1
973	"Glide"	"/v/glide/107123653"	1
974	"Gym Jones Approved"	"/v/gym-jones-approved/106930714"	1
975	"Haggis, Neeps and Taties"	"/v/haggis-neeps-and-taties/107203363"	1
976	"Hematopoiesis"	"/v/hematopoiesis/113628311"	1
977	"Hijacked Project"	"/v/hijacked-project/106930963"	1
978	"Hoosierheights.com"	"/v/hoosierheightscom/107203246"	1
979	"Last Slow Draw, The"	"/v/the-last-slow-draw/107203262"	1
980	"Lucy Goosey"	"/v/lucy-goosey/107203231"	1
981	"Lula Mae"	"/v/lula-mae/107203308"	1
982	"Oink! Oink!"	"/v/oink-oink/107203285"	1
983	"One-Armed Bandit"	"/v/one-armed-bandit/106937674"	1
984	"Renegade"	"/v/renegade/108612757"	1
985	"Son of a Wanted Man"	"/v/son-of-a-wanted-man/106930952"	1
986	"Stealing Melinda"	"/v/stealing-melinda/107203301"	1
987	"Surfing the Whale''s Back"	"/v/surfing-the-whales-back/107203293"	1
988	"Sweet Tater"	"/v/sweet-tater/107203355"	1
989	"Tanduay Time"	"/v/tanduay-time/107203331"	1
990	"Tao Bato"	"/v/tao-bato/107203340"	1
991	"Trouble in Paradise"	"/v/trouble-in-paradise/111170609"	1
992	"Unknown Road"	"/v/unknown-road/109609246"	1
993	"Warrior''s Path, The"	"/v/the-warriors-path/112780131"	1
994	"Winona"	"/v/winona/108387039"	1
995	"100 Years of Solitude"	"/v/100-years-of-solitude/106937689"	1
996	"A Portrait of the Artist as a Young Man"	"/v/a-portrait-of-the-artist-as-a-young-man/106949444"	1
997	"A Prayer for Owen Meany"	"/v/a-prayer-for-owen-meany/109914935"	1
998	"All The Pretty Horses"	"/v/all-the-pretty-horses/107073669"	1
999	"Everything That Rises Must Converge"	"/v/everything-that-rises-must-converge/107073613"	1
1000	"Fury, The"	"/v/the-fury/108952238"	1
1001	"Giver, The"	"/v/the-giver/113131538"	1
1002	"Lolita"	"/v/lolita/112148053"	1
1003	"Love Song of J. Alfred Prufrock, The"	"/v/the-love-song-of-j-alfred-prufrock/107073698"	1
1004	"No Country for Old Men"	"/v/no-country-for-old-men/107073684"	1
1005	"Resuscitation of a Hanged Man"	"/v/resuscitation-of-a-hanged-man/107073651"	1
1006	"Short, Happy Life of Francis Macomber, The"	"/v/the-short-happy-life-of-francis-macomber/106937694"	1
1007	"Stranger, The"	"/v/the-stranger/107073601"	1
1008	"Tea at the Palaz of Hoon"	"/v/tea-at-the-palaz-of-hoon/107073717"	1
1009	"Unbearable Lightness of Being, The"	"/v/the-unbearable-lightness-of-being/106937702"	1
1010	"Who Pooped in the Park?"	"/v/who-pooped-in-the-park/107073580"	1
1011	"Bathtub Mary"	"/v/bathtub-mary/106862482"	1
1012	"Bullfighter"	"/v/bullfighter/107060475"	1
1013	"Chicken Little Loves Abubu"	"/v/chicken-little-loves-abubu/107203006"	1
1014	"Flesh Wound"	"/v/flesh-wound/107374324"	1
1015	"Freakn''Deacon"	"/v/freakndeacon/111597112"	1
1016	"Picador"	"/v/picador/107156609"	1
1017	"Quicksilver"	"/v/quicksilver/111596341"	1
1018	"Reload"	"/v/reload/107156644"	1
1019	"Sacriledge"	"/v/sacriledge/106937622"	1
1020	"24 Hour Bug"	"/v/24-hour-bug/107124350"	1
1021	"Casey"	"/v/casey/107124345"	1
1022	"Harvey"	"/v/harvey/107124339"	1
1023	"Much Ado About Nothing"	"/v/much-ado-about-nothing/107124355"	1
1024	"Panda Bear"	"/v/panda-bear/107124319"	1
1025	"Rikki Tikki Tavi"	"/v/rikki-tikki-tavi/107124313"	1
1026	"Sam"	"/v/sam/107124331"	1
1027	"South Central"	"/v/south-central/106385159"	1
1028	"South Side of the Sky"	"/v/south-side-of-the-sky/106385146"	1
1029	"Distillery"	"/v/distillery/112073349"	1
1030	"Oberon"	"/v/oberon/108168983"	1
1031	"Texas Eagle"	"/v/texas-eagle/111332529"	1
1032	"Very Disco"	"/v/very-disco/111484859"	1
1033	"Minas Tirith"	"/v/minas-tirith/105854080"	1
1034	"Alcatraz"	"/v/alcatraz/112279233"	0
1035	"Chaos"	"/v/chaos/110334929"	0
1036	"Cloud 9"	"/v/cloud-9/111355458"	0
1037	"Coopers Cove"	"/v/coopers-cove/111088651"	0
1038	"Corner Pocket"	"/v/corner-pocket/111839725"	0
1039	"Deep End"	"/v/deep-end/110845463"	0
1040	"Fruit Wall"	"/v/fruit-wall/110356275"	0
1041	"Graveyard"	"/v/graveyard/111311117"	0
1042	"Hal Garner Memorial Crag, The"	"/v/the-hal-garner-memorial-crag/113605584"	0
1043	"Infirmary, The"	"/v/the-infirmary/110231493"	0
1044	"Laboratory, The"	"/v/the-laboratory/111855422"	0
1045	"Monastery"	"/v/monastery/110429994"	0
1046	"Morgue, The"	"/v/the-morgue/111039393"	0
1047	"Nursery, The"	"/v/the-nursery/110529899"	0
1048	"Pharmacy, The"	"/v/the-pharmacy/111842364"	0
1049	"Portal, The"	"/v/the-portal/110969155"	0
1050	"Real Deep End"	"/v/real-deep-end/111998013"	0
1051	"Record Shop, The"	"/v/the-record-shop/110620438"	0
1052	"Sanitarium"	"/v/sanitarium/112420131"	0
1053	"Secret Garden"	"/v/secret-garden/110335833"	0
1054	"Serenity Point"	"/v/serenity-point/110356259"	0
1055	"BCL"	"/v/bcl/112886782"	1
1056	"Dancing Queen"	"/v/dancing-queen/110367173"	1
1057	"Dirty Habit"	"/v/dirty-habit/110356284"	1
1058	"Fodiqua"	"/v/fodiqua/111085196"	1
1059	"Hammer Time"	"/v/hammer-time/110356289"	1
1060	"Linny Lu"	"/v/linny-lu/110367190"	1
1061	"Malignant"	"/v/malignant/110367048"	1
1062	"Return of the Mohan"	"/v/return-of-the-mohan/110356296"	1
1063	"Rising Hegemon"	"/v/rising-hegemon/110356301"	1
1064	"Sundial"	"/v/sundial/111688212"	1
1065	"ae911truth.org"	"/v/ae911truthorg/111042582"	1
1066	"Bees in the Trap"	"/v/bees-in-the-trap/110529445"	1
1067	"Cock to the Rock"	"/v/cock-to-the-rock/111042603"	1
1068	"Controlled Demolition"	"/v/controlled-demolition/111839686"	1
1069	"Flashback"	"/v/flashback/110429220"	1
1070	"Fuzzy Side Up"	"/v/fuzzy-side-up/110529183"	1
1071	"Gettin Woolly"	"/v/gettin-woolly/110529844"	1
1072	"GoingAwayParty"	"/v/goingawayparty/112222782"	1
1073	"Guns n'' Beer"	"/v/guns-n-beer/111839678"	1
1074	"Heavy Flow"	"/v/heavy-flow/110429202"	1
1075	"Hippie Lip Balm"	"/v/hippie-lip-balm/110529330"	1
1076	"Leech Line"	"/v/leech-line/110529391"	1
1077	"Linear Regression"	"/v/linear-regression/111085112"	1
1078	"Little T"	"/v/little-t/111085166"	1
1079	"Little Wing"	"/v/little-wing/110335844"	1
1080	"Nachos, Lemonheads, My Dad''s Boat"	"/v/nachos-lemonheads-my-dads-boat/111166584"	1
1081	"Nilbog Night Life"	"/v/nilbog-night-life/111085156"	1
1082	"patriotsqu estion911.com"	"/v/patriotsquestion911com/113551532"	1
1083	"Red Devil"	"/v/red-devil/111085138"	1
1084	"Rememberbu ilding7.org"	"/v/rememberbuilding7org/111085182"	1
1085	"Rethink911.org"	"/v/rethink911org/111085175"	1
1086	"Sloppy Seconds"	"/v/sloppy-seconds/110529834"	1
1087	"So What?"	"/v/so-what/111042616"	1
1088	"Spork"	"/v/spork/110529796"	1
1089	"Stinky Johnny''s"	"/v/stinky-johnnys/111680983"	1
1090	"Tinkerbell''s Panties"	"/v/tinkerbells-panties/110529777"	1
1091	"You Can''t Piss on Hospitality"	"/v/you-cant-piss-on-hospitality/111085092"	1
1092	"Urushiol"	"/v/urushiol/112420158"	1
1093	"Appetite for Destruction"	"/v/appetite-for-destruction/110845426"	1
1094	"Bangerz"	"/v/bangerz/110620464"	1
1095	"Bitches Brew"	"/v/bitches-brew/110620484"	1
1096	"Born in the USA"	"/v/born-in-the-usa/111024772"	1
1097	"Call Me Maybe"	"/v/call-me-maybe/110620474"	1
1098	"Cowboys From Hell"	"/v/cowboys-from-hell/111027061"	1
1099	"Fly By Night"	"/v/fly-by-night/111026945"	1
1100	"Harmony in Ultraviolet"	"/v/harmony-in-ultraviolet/112316547"	1
1101	"Hitch a Ride"	"/v/hitch-a-ride/112268685"	1
1102	"Pet Sounds"	"/v/pet-sounds/110620444"	1
1103	"TNT"	"/v/tnt/111857139"	1
1104	"Whiskey Bent and Hell Bound"	"/v/whiskey-bent-and-hell-bound/111024632"	1
1105	"Alpha Dog"	"/v/alpha-dog/111998031"	1
1106	"Castaway"	"/v/castaway/111998022"	1
1107	"Omega Crack"	"/v/omega-crack/111998079"	1
1108	"Plate for the Party"	"/v/plate-for-the-party/111998037"	1
1109	"Poop Chute"	"/v/poop-chute/111998042"	1
1110	"Red Means Go"	"/v/red-means-go/112293379"	1
1111	"Tenoshitlan"	"/v/tenoshitlan/112293354"	1
1112	"Turd Burglar"	"/v/turd-burglar/111998049"	1
1113	"Valsalva Maneuver"	"/v/valsalva-maneuver/113409609"	1
1114	"8133"	"/v/8133/110969237"	1
1115	"Barefoot Barrista"	"/v/barefoot-barrista/112311088"	1
1116	"Lights Out"	"/v/lights-out/112093374"	1
1117	"Singularity"	"/v/singularity/111169571"	1
1118	"Tesseract"	"/v/tesseract/110969192"	1
1119	"Time Wrinkle"	"/v/time-wrinkle/112311069"	1
1120	"Zero Gravity"	"/v/zero-gravity/112065984"	1
1121	"Chasing Butterflies"	"/v/chasing-butterflies/111842368"	1
1122	"Art of Turd Polishing, The"	"/v/the-art-of-turd-polishing/110806725"	1
1123	"Baby Steps"	"/v/baby-steps/113319249"	1
1124	"Beaver Patrol"	"/v/beaver-patrol/110529925"	1
1125	"End of State Maintenance"	"/v/end-of-state-maintenance/110534032"	1
1126	"Fuzzy Muffin"	"/v/fuzzy-muffin/112869753"	1
1127	"Hazy Dazy"	"/v/hazy-dazy/112869718"	1
1128	"Hot Wet Noodles"	"/v/hot-wet-noodles/111426401"	1
1129	"Kate''s Way"	"/v/kates-way/111799270"	1
1130	"Kentucky Two Step"	"/v/kentucky-two-step/111799279"	1
1131	"Lesser of Two Evils , The"	"/v/the-lesser-of-two-evils-/112420134"	1
1132	"Master of Puppets"	"/v/master-of-puppets/110534067"	1
1133	"Nursery Route 1 (closed)"	"/v/nursery-route-1-closed/110534062"	1
1134	"Pixadoodle"	"/v/pixadoodle/112869735"	1
1135	"Solomon Grundy"	"/v/solomon-grundy/110806711"	1
1136	"Southern Satisfaction"	"/v/southern-satisfaction/111774361"	1
1137	"Stick in the Eye"	"/v/stick-in-the-eye/110534057"	1
1138	"Bone Machine"	"/v/bone-machine/111857310"	1
1139	"Coroner (a.k.a. Rachel''s Project)"	"/v/coroner-aka-rachels-project/111310990"	1
1140	"Death Certificate"	"/v/death-certificate/111310997"	1
1141	"Incinerator, The"	"/v/the-incinerator/111323215"	1
1142	"Scalpel"	"/v/scalpel/111857208"	1
1143	"Toxicology Report"	"/v/toxicology-report/111857291"	1
1144	"Y-Incision"	"/v/y-incision/111857273"	1
1145	"Arete Syndrome"	"/v/arete-syndrome/113172005"	1
1146	"Barking Dogmas"	"/v/barking-dogmas/110430004"	1
1147	"Expiation"	"/v/expiation/113208210"	1
1148	"Heretic, The"	"/v/the-heretic/113208266"	1
1149	"Lounge Lizard"	"/v/lounge-lizard/110522743"	1
1150	"Monk in the Middle"	"/v/monk-in-the-middle/113171966"	1
1151	"Monks Brew"	"/v/monks-brew/110521185"	1
1152	"Pickled Pig''s Feet"	"/v/pickled-pigs-feet/110523763"	1
1153	"Shaman, The"	"/v/the-shaman/113654627"	1
1154	"SNUG"	"/v/snug/112222419"	1
1155	"Suffering, The"	"/v/the-suffering/110430032"	1
1156	"Thelonius"	"/v/thelonius/113172049"	1
1157	"Twist your Hip and do the Dip"	"/v/twist-your-hip-and-do-the-dip/110523611"	1
1158	"Weird Science"	"/v/weird-science/111855430"	1
1159	"Western Blot"	"/v/western-blot/112295917"	1
1160	"Aquagenic Urticaria"	"/v/aquagenic-urticaria/110400283"	1
1161	"Beta Blocker"	"/v/beta-blocker/111790230"	1
1162	"Bipolar"	"/v/bipolar/112207234"	1
1163	"Brachial Plexus"	"/v/brachial-plexus/111170541"	1
1164	"Ebola"	"/v/ebola/111311280"	1
1165	"Family History"	"/v/family-history/111228846"	1
1166	"Foaming at the Mouth"	"/v/foaming-at-the-mouth/112168166"	1
1167	"Hyperbaric Chamber"	"/v/hyperbaric-chamber/112776755"	1
1168	"L.A. Branch Office"	"/v/la-branch-office/112410569"	1
1169	"Last Rites"	"/v/last-rites/111311288"	1
1170	"Magic Bed"	"/v/magic-bed/110231621"	1
1171	"On Bended Knee"	"/v/on-bended-knee/112819003"	1
1172	"Pandemic"	"/v/pandemic/111366282"	1
1173	"Phantom Pain"	"/v/phantom-pain/110231668"	1
1174	"Plague Doctor"	"/v/plague-doctor/111790210"	1
1175	"Plasma Spill"	"/v/plasma-spill/112777040"	1
1176	"Platelet Rich Injection"	"/v/platelet-rich-injection/112152645"	1
1177	"Porphyria"	"/v/porphyria/110400270"	1
1178	"Pre-Op"	"/v/pre-op/111229056"	1
1179	"Push Present"	"/v/push-present/111324974"	1
1180	"ReCooperAte"	"/v/recooperate/110231574"	1
1181	"Recovery Room"	"/v/recovery-room/110400293"	1
1182	"Sacbrood Virus"	"/v/sacbrood-virus/112093413"	1
1183	"Temperature Rising"	"/v/temperature-rising/113090203"	1
1184	"Trephination"	"/v/trephination/111311299"	1
1185	"Typhoid Mary"	"/v/typhoid-mary/111229014"	1
1186	"Wheelchair Access"	"/v/wheelchair-access/112032674"	1
1187	"Zoonotic"	"/v/zoonotic/111228967"	1
1188	"Halphabet Soup for the Soul"	"/v/halphabet-soup-for-the-soul/113605680"	1
1189	"Unknown"	"/v/unknown/113605800"	1
1190	"Altered State"	"/v/altered-state/111554737"	1
1191	"Dead on Arrival"	"/v/dead-on-arrival/111311131"	1
1192	"Grim Reaper"	"/v/grim-reaper/111311121"	1
1193	"Banana Hammock"	"/v/banana-hammock/110397693"	1
1194	"Banana Split"	"/v/banana-split/112065956"	1
1195	"Breakfast at Koops"	"/v/breakfast-at-koops/110969006"	1
1196	"Disco Strangler"	"/v/disco-strangler/112223613"	1
1197	"Drosophila "	"/v/drosophila-/110889573"	1
1198	"Fruit by the Foot"	"/v/fruit-by-the-foot/111125297"	1
1199	"Fruit of My Loins"	"/v/fruit-of-my-loins/112296276"	1
1200	"Fruit of the Loin"	"/v/fruit-of-the-loin/111157133"	1
1201	"Hourglass Crack"	"/v/hourglass-crack/112812121"	1
1202	"J''s on My Feet"	"/v/js-on-my-feet/111014632"	1
1203	"Jew Jew Fruit"	"/v/jew-jew-fruit/110889566"	1
1204	"Just Peachy Mon"	"/v/just-peachy-mon/110522765"	1
1205	"Lichen Lessons"	"/v/lichen-lessons/111156968"	1
1206	"Mellon Baller"	"/v/mellon-baller/110523573"	1
1207	"Mojo Bro Tank Bar Crawl"	"/v/mojo-bro-tank-bar-crawl/111014640"	1
1208	"Peach Fuzz"	"/v/peach-fuzz/110968902"	1
1209	"Pineapple Express"	"/v/pineapple-express/111288768"	1
1210	"Poppin Cherries"	"/v/poppin-cherries/111089157"	1
1211	"Slice of Spice"	"/v/slice-of-spice/111157156"	1
1212	"Strawberry Fields"	"/v/strawberry-fields/112220398"	1
1213	"Witness the Citrus"	"/v/witness-the-citrus/110356279"	1
1214	"Abyss, The"	"/v/the-abyss/111268403"	1
1215	"Adult Swim"	"/v/adult-swim/111268413"	1
1216	"Cough, The"	"/v/the-cough/111170530"	1
1217	"Fluffer"	"/v/fluffer/110849897"	1
1218	"Green Room"	"/v/green-room/111366315"	1
1219	"Half Mast"	"/v/half-mast/110849905"	1
1220	"Knuckle Sauce"	"/v/knuckle-sauce/110889697"	1
1221	"Lichenosis"	"/v/lichenosis/111808649"	1
1222	"Natural Ice"	"/v/natural-ice/111808663"	1
1223	"Pool Boy"	"/v/pool-boy/110849887"	1
1224	"Elevator Pitch"	"/v/elevator-pitch/111842337"	1
1225	"Symbiosis"	"/v/symbiosis/111842346"	1
1226	"Addiction"	"/v/addiction/111790156"	1
1227	"Bay Harbor Butcher"	"/v/bay-harbor-butcher/112254689"	1
1228	"Devil in the White City, The"	"/v/the-devil-in-the-white-city/112254683"	1
1229	"Diesel Therapy "	"/v/diesel-therapy-/111220240"	1
1230	"Gas Huffer"	"/v/gas-huffer/112254560"	1
1231	"Grab n'' Go"	"/v/grab-n-go/111088964"	1
1232	"Grain of Salt"	"/v/grain-of-salt/111088853"	1
1233	"Grundle Bundle"	"/v/grundle-bundle/112254637"	1
1234	"Hustle, The"	"/v/the-hustle/111170581"	1
1235	"La NAMBLA"	"/v/la-nambla/111088794"	1
1236	"Nystagmus"	"/v/nystagmus/111088777"	1
1237	"Poop Dolla!!"	"/v/poop-dolla/111089107"	1
1238	"Pure Pleasure"	"/v/pure-pleasure/111688258"	1
1239	"Road Kill"	"/v/road-kill/111088926"	1
1240	"Russian Body Thief"	"/v/russian-body-thief/112254699"	1
1241	"Self Medication"	"/v/self-medication/112400151"	1
1242	"Shake Down"	"/v/shake-down/111088883"	1
1243	"Unmentionable, The"	"/v/the-unmentionable/111088761"	1
1244	"Unstable Behavior"	"/v/unstable-behavior/111781422"	1
1245	"Where the Sidewalk Ends"	"/v/where-the-sidewalk-ends/111220101"	1
1246	"Work Therapy"	"/v/work-therapy/111790186"	1
1247	"Better than a Stick in the Eye"	"/v/better-than-a-stick-in-the-eye/113229621"	1
1248	"Cloudy with a Chance of Seamen"	"/v/cloudy-with-a-chance-of-seamen/113229427"	1
1249	"Countdown"	"/v/countdown/113229820"	1
1250	"Crazy Train"	"/v/crazy-train/113229646"	1
1251	"Due in Time"	"/v/due-in-time/113229784"	1
1252	"Flour Dust and Pizza Crust"	"/v/flour-dust-and-pizza-crust/111355472"	1
1253	"Jizzy Gillespie"	"/v/jizzy-gillespie/113229493"	1
1254	"Liftoff"	"/v/liftoff/113229572"	1
1255	"Nightmare on Hell Creek"	"/v/nightmare-on-hell-creek/113229733"	1
1256	"Nimbus"	"/v/nimbus/113229839"	1
1257	"Rough Around the Edges"	"/v/rough-around-the-edges/113229685"	1
1258	"Stratus Fear"	"/v/stratus-fear/111355461"	1
1259	"Broken Dreams"	"/v/broken-dreams/113591754"	1
1260	"Die with a Blessing"	"/v/die-with-a-blessing/110367208"	1
1261	"Dyslexics Untie!"	"/v/dyslexics-untie/110334956"	1
1262	"King Ducky"	"/v/king-ducky/110334937"	1
1263	"Left Coast"	"/v/left-coast/110889557"	1
1264	"Lithuanian Princess"	"/v/lithuanian-princess/110334995"	1
1265	"Mary Anne"	"/v/mary-anne/112268660"	1
1266	"Resistor"	"/v/resistor/110955668"	1
1267	"Slabalicious"	"/v/slabalicious/111734978"	1
1268	"Some Assembly Required"	"/v/some-assembly-required/110335006"	1
1269	"Spider Monkey"	"/v/spider-monkey/111792332"	1
1270	"Swamp Gator"	"/v/swamp-gator/110955673"	1
1271	"Switch"	"/v/switch/110813089"	1
1272	"Teacher''s Pet"	"/v/teachers-pet/110335013"	1
1273	"Birdman"	"/v/birdman/112280092"	1
1274	"Dope on a Rope"	"/v/dope-on-a-rope/112279617"	1
1275	"Fatal Vision"	"/v/fatal-vision/112279994"	1
1276	"Flight Risk"	"/v/flight-risk/112279661"	1
1277	"Man with a Wooden Leg"	"/v/man-with-a-wooden-leg/112279264"	1
1278	"All Things Considered"	"/v/all-things-considered/106641238"	1
1279	"Another Doug Reed Route"	"/v/another-doug-reed-route/105870243"	1
1280	"Beene Material"	"/v/beene-material/105885175"	1
1281	"BeeneStalker (closed)"	"/v/beenestalker-closed/105870205"	1
1282	"Blade Runner (closed)"	"/v/blade-runner-closed/105870212"	1
1283	"Bozo''s Bogus Booty Biner (BBBB)"	"/v/bozos-bogus-booty-biner-bbbb/106731301"	1
1284	"Danita Dolores"	"/v/danita-dolores/105870198"	1
1285	"Decay''s Way"	"/v/decays-way/105870193"	1
1286	"Forearm Follies"	"/v/forearm-follies/106061926"	1
1287	"Forearm Follies (2nd anchor)"	"/v/forearm-follies-2nd-anchor/110229109"	1
1288	"Fuzzy Undercling"	"/v/fuzzy-undercling/105870256"	1
1289	"G.I."	"/v/gi/105885179"	1
1290	"Government Cheese"	"/v/government-cheese/107195878"	1
1291	"Gung Ho"	"/v/gung-ho/105891685"	1
1292	"In the Light"	"/v/in-the-light/105891681"	1
1293	"Jac Mac (closed)"	"/v/jac-mac-closed/105870220"	1
1294	"Jungle Beat"	"/v/jungle-beat/105870026"	1
1295	"Left Turret"	"/v/left-turret/105939731"	1
1296	"Legend, The"	"/v/the-legend/106053943"	1
1297	"Mercy Miss Percy"	"/v/mercy-miss-percy/105870271"	1
1298	"Minimum Creep"	"/v/minimum-creep/106574382"	1
1299	"Moonbeam"	"/v/moonbeam/105891677"	1
1300	"Mule"	"/v/mule/106594009"	1
1301	"Nagypapa"	"/v/nagypapa/106053937"	1
1302	"Nicorette"	"/v/nicorette/106594004"	1
1303	"Not Worth It"	"/v/not-worth-it/112256699"	1
1304	"Nothing for Now"	"/v/nothing-for-now/107195890"	1
1305	"Parting Gift"	"/v/parting-gift/106123184"	1
1306	"Pink Feat Boulder Problem"	"/v/pink-feat-boulder-problem/105891704"	1
1307	"Possum Lips"	"/v/possum-lips/105870248"	1
1308	"Reliquary, The"	"/v/the-reliquary/106045291"	1
1309	"Stay Left"	"/v/stay-left/105870266"	1
1310	"Subatomic Fingerlock (closed)"	"/v/subatomic-fingerlock-closed/105885169"	1
1311	"Sunshine"	"/v/sunshine/105891673"	1
1312	"Super Slab"	"/v/super-slab/106593331"	1
1313	"Things That Go Bump In the Night"	"/v/things-that-go-bump-in-the-night/105870144"	1
1314	"Thirsting Skull (closed)"	"/v/thirsting-skull-closed/105891694"	1
1315	"Tissue Tiger"	"/v/tissue-tiger/105870261"	1
1316	"Devine Climb"	"/v/devine-climb/107584999"	1
1317	"Handjob"	"/v/handjob/105891669"	1
1318	"Investigator"	"/v/investigator/107585050"	1
1319	"Lactic Acid"	"/v/lactic-acid/106176822"	1
1320	"Layback Crack"	"/v/layback-crack/105974580"	1
1321	"Marmalde"	"/v/marmalde/105974573"	1
1322	"Quest, The"	"/v/the-quest/105891504"	1
1323	"Exodus, The"	"/v/the-exodus/113562035"	1
1324	"Laceration"	"/v/laceration/107847977"	1
1325	"Reach for the Beach"	"/v/reach-for-the-beach/108938341"	1
1326	"Synergy"	"/v/synergy/110998903"	1
1327	"Little Boy Bleu"	"/v/little-boy-bleu/106730251"	1
1328	"Major''s Pinnacle"	"/v/majors-pinnacle/105854086"	1
1329	"Razor Burn"	"/v/razor-burn/105868180"	1
1330	"Steal Your Thunder"	"/v/steal-your-thunder/105868175"	1
1331	"There and Back Again"	"/v/there-and-back-again/105867989"	1
1332	"Aptly Named"	"/v/aptly-named/105883461"	1
1333	"Blue Biner"	"/v/blue-biner/106730189"	1
1334	"Caterpillar Crack"	"/v/caterpillar-crack/107574176"	1
1335	"DAB Chimney"	"/v/dab-chimney/105882839"	1
1336	"Der Kommissar"	"/v/der-kommissar/107792664"	1
1337	"Dicey at Best"	"/v/dicey-at-best/107775577"	1
1338	"Double Caves Crack"	"/v/double-caves-crack/111316765"	1
1339	"Good Tang"	"/v/good-tang/106730200"	1
1340	"Hierarchy"	"/v/hierarchy/105882857"	1
1341	"Lost Dart"	"/v/lost-dart/105882833"	1
1342	"Lost Dart Crack"	"/v/lost-dart-crack/110966062"	1
1343	"Love Hurts"	"/v/love-hurts/105882861"	1
1344	"Seven-Ten Split"	"/v/seven-ten-split/105883480"	1
1345	"Spider Squat, The"	"/v/the-spider-squat/109077624"	1
1346	"Weasel, The"	"/v/the-weasel/105883470"	1
1347	"Jack the Ripper"	"/v/jack-the-ripper/106973470"	1
1348	"Buffin''  the Taint"	"/v/buffin-the-taint/108544831"	1
1349	"Full Service"	"/v/full-service/108544822"	1
1350	"Kaiju"	"/v/kaiju/108544808"	1
1351	"Stonehinge"	"/v/stonehinge/108544814"	1
1352	"Wide Pride"	"/v/wide-pride/107845041"	1
1353	"Approach, The"	"/v/the-approach/110547559"	1
1354	"Are the Pies Fresh?"	"/v/are-the-pies-fresh/105917901"	1
1355	"Autumn"	"/v/autumn/105868022"	1
1356	"B3"	"/v/b3/105868693"	1
1357	"Back Door to Paris"	"/v/back-door-to-paris/105891912"	1
1358	"Big Country"	"/v/big-country/105865495"	1
1359	"Bloodline"	"/v/bloodline/107667764"	1
1360	"Boom Boom Out Go The Lights"	"/v/boom-boom-out-go-the-lights/105885186"	1
1361	"Cruise Control"	"/v/cruise-control/106417326"	1
1362	"Fear and Loathing in Nada"	"/v/fear-and-loathing-in-nada/108037538"	1
1363	"Fire and Finess"	"/v/fire-and-finess/107195778"	1
1364	"Game Boy"	"/v/game-boy/106309183"	1
1365	"Gift, The"	"/v/the-gift/105917897"	1
1366	"Gladuator"	"/v/gladuator/107195829"	1
1367	"Hot September"	"/v/hot-september/106417287"	1
1368	"Kazi and Mito"	"/v/kazi-and-mito/107195787"	1
1369	"Long Wall Chimney"	"/v/long-wall-chimney/105919225"	1
1370	"Mailbox"	"/v/mailbox/105868688"	1
1371	"NEPA This"	"/v/nepa-this/107195728"	1
1372	"Next Day Air"	"/v/next-day-air/107667730"	1
1373	"Now I''m Nothing"	"/v/now-im-nothing/105868029"	1
1374	"Perforator"	"/v/perforator/105868700"	1
1375	"Ralph & Bob''s"	"/v/ralph--bobs/105919218"	1
1376	"Rock Caddie"	"/v/rock-caddie/107195821"	1
1377	"Rock Wars"	"/v/rock-wars/105868000"	1
1378	"Sacred Geometry"	"/v/sacred-geometry/107667738"	1
1379	"Snatch, The"	"/v/the-snatch/107195807"	1
1380	"Souders Crack"	"/v/souders-crack/106937634"	1
1381	"Stand and Deliver"	"/v/stand-and-deliver/107195735"	1
1382	"Suction Lipectomy"	"/v/suction-lipectomy/112304287"	1
1383	"Trinket Man"	"/v/trinket-man/107195762"	1
1384	"Two Step"	"/v/two-step/105868036"	1
1385	"Vector Trouble"	"/v/vector-trouble/105865685"	1
1386	"Whip It Out"	"/v/whip-it-out/107195752"	1
1387	"Yuk"	"/v/yuk/105868048"	1
1388	"Aquaduck Pocket"	"/v/aquaduck-pocket/105866361"	1
1389	"Brother Stair"	"/v/brother-stair/105866353"	1
1390	"Dinosaur, The"	"/v/the-dinosaur/106325136"	1
1391	"Face Up To That Crack"	"/v/face-up-to-that-crack/105860667"	1
1392	"Fast Food Christians"	"/v/fast-food-christians/105860661"	1
1393	"Fresh Meat"	"/v/fresh-meat/112905265"	1
1394	"Henry"	"/v/henry/105867536"	1
1395	"Infectious"	"/v/infectious/106169612"	1
1396	"Maypop"	"/v/maypop/105860735"	1
1397	"Mercy the Huff"	"/v/mercy-the-huff/106045269"	1
1398	"Mr. Bungle"	"/v/mr-bungle/105860693"	1
1399	"Relaxed Atmoshere"	"/v/relaxed-atmoshere/105866366"	1
1400	"Sex Farm"	"/v/sex-farm/106146866"	1
1401	"Stunning the Hog"	"/v/stunning-the-hog/106146849"	1
1402	"Table of Colors"	"/v/table-of-colors/106304964"	1
1403	"Table of Colors Direct"	"/v/table-of-colors-direct/107081591"	1
1404	"Third World Lover"	"/v/third-world-lover/105866371"	1
1405	"To Defy The Laws Of Tradition"	"/v/to-defy-the-laws-of-tradition/105860648"	1
1406	"Too Many Puppies"	"/v/too-many-puppies/105893624"	1
1407	"Unsportsmanlike Conduct"	"/v/unsportsmanlike-conduct/111748094"	1
1408	"Wild Yet Tasty"	"/v/wild-yet-tasty/105943552"	1
1409	"Blowing Your Lobe"	"/v/blowing-your-lobe/112885346"	1
1410	"Bouldering Sucks"	"/v/bouldering-sucks/112885376"	1
1411	"Coping Mechanism"	"/v/coping-mechanism/112885353"	1
1412	"Corn Syrup and Weed"	"/v/corn-syrup-and-weed/112885279"	1
1413	"Dustin Stevenzes Route"	"/v/dustin-stevenzes-route/112885263"	1
1414	"Lampwright''s Street"	"/v/lampwrights-street/111484690"	1
1415	"Macie''s Pinnacle--Standard Route "	"/v/macies-pinnacle--standard-route-/112885273"	1
1416	"Old Men"	"/v/old-men/111484814"	1
1417	"Ole Switcharoo, The"	"/v/the-ole-switcharoo/112885284"	1
1418	"Pleasant Disappointment "	"/v/pleasant-disappointment-/112885392"	1
1419	"Polar Opposites "	"/v/polar-opposites-/112885307"	1
1420	"Shake-N-Flake"	"/v/shake-n-flake/112885360"	1
1421	"Shell Shocked"	"/v/shell-shocked/112885196"	1
1422	"Spider Sanction"	"/v/spider-sanction/112885338"	1
1423	"Squirrel Nut Zipper"	"/v/squirrel-nut-zipper/112885177"	1
1424	"Stay Tight"	"/v/stay-tight/112885397"	1
1425	"Up Yonder"	"/v/up-yonder/112885293"	1
1426	"Whats Left of Kyle"	"/v/whats-left-of-kyle/112885323"	1
1427	"Copperhead"	"/v/copperhead/105869356"	1
1428	"Diamond in the Crack"	"/v/diamond-in-the-crack/105854135"	1
1429	"Kool Aid"	"/v/kool-aid/112553111"	1
1430	"Bambi: Caught in the Headlights"	"/v/bambi-caught-in-the-headlights/105880841"	1
1431	"Dead Deer"	"/v/dead-deer/105917885"	1
1432	"Long Live Trad"	"/v/long-live-trad/105869204"	1
1433	"Piranha"	"/v/piranha/105917878"	1
1434	"Better Red than Dead"	"/v/better-red-than-dead/112250514"	1
1435	"Blood on the Nuts"	"/v/blood-on-the-nuts/107649608"	1
1436	"Country Lovin"	"/v/country-lovin/106404805"	1
1437	"Crack Attack"	"/v/crack-attack/106405603"	1
1438	"Fibrulator"	"/v/fibrulator/106404831"	1
1439	"Gizmo"	"/v/gizmo/110913462"	1
1440	"Jim''s Dihedral"	"/v/jims-dihedral/106962264"	1
1441	"Slimy Creatures"	"/v/slimy-creatures/107400081"	1
1442	"Astro Flex"	"/v/astro-flex/111278987"	1
1443	"Close to the Edge (CLOSED)"	"/v/close-to-the-edge-closed/106730381"	1
1444	"Finger Lickin'' Good (CLOSED)"	"/v/finger-lickin-good-closed/106730366"	1
1445	"Lunatic Fringe"	"/v/lunatic-fringe/106730391"	1
1446	"Starship Trooper"	"/v/starship-trooper/111279056"	1
1447	"Sultans of Stem (CLOSED)"	"/v/sultans-of-stem-closed/106730360"	1
1448	"Black Dog"	"/v/black-dog/105883500"	1
1449	"Lucky Devil"	"/v/lucky-devil/105883508"	1
1450	"Mr. Smartypants"	"/v/mr-smartypants/105883504"	1
1451	"Sugar High"	"/v/sugar-high/105883494"	1
1452	"Auxier Chimney"	"/v/auxier-chimney/105869338"	1
1453	"Dirty Rastafarian Scoundrels"	"/v/dirty-rastafarian-scoundrels/105868531"	1
1454	"Girdle Traverse"	"/v/girdle-traverse/105868497"	1
1455	"Haystack"	"/v/haystack/105868516"	1
1456	"Original Route"	"/v/original-route/105868524"	1
1457	"South East Face"	"/v/south-east-face/105868503"	1
1458	"Fallout"	"/v/fallout/105872771"	1
1459	"Full Moon"	"/v/full-moon/105872766"	1
1460	"Rockhouse"	"/v/rockhouse/106723829"	1
1461	"Tickle Me Elmo"	"/v/tickle-me-elmo/106837567"	1
1462	"Wocket in My Pocket"	"/v/wocket-in-my-pocket/105880896"	1
1463	"You Might Be a Redneck"	"/v/you-might-be-a-redneck/105869993"	1
1464	"All Cows Eat Grass"	"/v/all-cows-eat-grass/105885030"	1
1465	"Altered Scale"	"/v/altered-scale/106286285"	1
1466	"Andromeda Strain"	"/v/andromeda-strain/105871982"	1
1467	"AWOL"	"/v/awol/105880940"	1
1468	"C Sharp or B Flat"	"/v/c-sharp-or-b-flat/105882846"	1
1469	"Camel Toe Jockey"	"/v/camel-toe-jockey/106383573"	1
1470	"Chunnel"	"/v/chunnel/106727781"	1
1471	"Crazy Fingers"	"/v/crazy-fingers/105886641"	1
1472	"Dragonslayer"	"/v/dragonslayer/105886633"	1
1473	"Fadda"	"/v/fadda/105860751"	1
1474	"Five Finger Discount"	"/v/five-finger-discount/105860747"	1
1475	"Gumby Land"	"/v/gumby-land/105892936"	1
1476	"Hard Left"	"/v/hard-left/106065335"	1
1477	"Harder Than Your Husband"	"/v/harder-than-your-husband/106045420"	1
1478	"Hemisfear"	"/v/hemisfear/106369238"	1
1479	"Home Is Where the Heart Is"	"/v/home-is-where-the-heart-is/106961737"	1
1480	"I Didn''t Know This Was The End"	"/v/i-didnt-know-this-was-the-end/113083865"	1
1481	"Jersey Connection"	"/v/jersey-connection/106045278"	1
1482	"Jump for Joy"	"/v/jump-for-joy/105871986"	1
1483	"Just Duet"	"/v/just-duet/106124912"	1
1484	"Kampsight"	"/v/kampsight/105882851"	1
1485	"Ledger Line"	"/v/ledger-line/105892929"	1
1486	"Milkin'' the Chicken"	"/v/milkin-the-chicken/105871993"	1
1487	"Motha"	"/v/motha/105860755"	1
1488	"Pine"	"/v/pine/106584364"	1
1489	"Pulling Pockets"	"/v/pulling-pockets/105893126"	1
1490	"Return of Chris Snyder, The"	"/v/the-return-of-chris-snyder/106020821"	1
1491	"Ro Shamlo"	"/v/ro-shamlo/112895232"	1
1492	"Ro Shampo"	"/v/ro-shampo/105860759"	1
1493	"Roadside Attraction"	"/v/roadside-attraction/105860741"	1
1494	"Rosetta Phone Home"	"/v/rosetta-phone-home/112256601"	1
1495	"Runnin Down a Dream"	"/v/runnin-down-a-dream/106402728"	1
1496	"Scissors"	"/v/scissors/107059158"	1
1497	"Stay the Hand"	"/v/stay-the-hand/105880953"	1
1498	"Strawberry Shortcake"	"/v/strawberry-shortcake/113647225"	1
1499	"Strevels Gets in Shape"	"/v/strevels-gets-in-shape/106233733"	1
1500	"Synchronicity"	"/v/synchronicity/105889531"	1
1501	"Tic-Tac-Toe"	"/v/tic-tac-toe/106045283"	1
1502	"Trouble Clef"	"/v/trouble-clef/106227805"	1
1503	"Up Yonder"	"/v/up-yonder/105901381"	1
1504	"Valor Over Discretion"	"/v/valor-over-discretion/106026660"	1
1505	"Way Up Yonder"	"/v/way-up-yonder/106037239"	1
1506	"Wicked Games"	"/v/wicked-games/106062725"	1
1507	"Wild Gift"	"/v/wild-gift/105945822"	1
1508	"You Can Tune a Piano, but You Can''t Tuna Fish"	"/v/you-can-tune-a-piano-but-you-cant-tuna-fish/106286289"	1
1509	"Casual Viewing"	"/v/casual-viewing/105878287"	1
1510	"Deep Six"	"/v/deep-six/106309901"	1
1511	"Disappearer"	"/v/disappearer/106309912"	1
1512	"Dog Fight (a.k.a. Circa Man)"	"/v/dog-fight-aka-circa-man/107622069"	1
1513	"Eureka"	"/v/eureka/105880926"	1
1514	"Father and Son"	"/v/father-and-son/105872426"	1
1515	"Howard Roark"	"/v/howard-roark/110534936"	1
1516	"Jake Flake"	"/v/jake-flake/106723819"	1
1517	"Kentucky Pinstripe"	"/v/kentucky-pinstripe/105880920"	1
1518	"Loosen Up"	"/v/loosen-up/106109316"	1
1519	"Out For Justice"	"/v/out-for-justice/106123164"	1
1520	"Vision"	"/v/vision/105880914"	1
1521	"Appalachian Spring"	"/v/appalachian-spring/106599327"	1
1522	"Cruising Lane"	"/v/cruising-lane/105866423"	1
1523	"Emphysema"	"/v/emphysema/111843514"	1
1524	"Eye of the Needle"	"/v/eye-of-the-needle/106282978"	1
1525	"Frugal Chariot"	"/v/frugal-chariot/106599342"	1
1526	"Funkadelic"	"/v/funkadelic/105866459"	1
1527	"Glory Be "	"/v/glory-be-/107857060"	1
1528	"Go Easy Billy Clyde!"	"/v/go-easy-billy-clyde/106282988"	1
1529	"Goodstone"	"/v/goodstone/105867546"	1
1530	"Hardcore Jollies"	"/v/hardcore-jollies/105868713"	1
1531	"Headstone Surfer"	"/v/headstone-surfer/105866439"	1
1532	"Infidel, The"	"/v/the-infidel/107122332"	1
1533	"Joe Camel"	"/v/joe-camel/106383603"	1
1534	"L''ile Au Ciel"	"/v/lile-au-ciel/105868726"	1
1535	"Local Color"	"/v/local-color/105867551"	1
1536	"Manic Impression"	"/v/manic-impression/105866451"	1
1537	"Orange Juice"	"/v/orange-juice/106599268"	1
1538	"Prime Directive"	"/v/prime-directive/105869244"	1
1539	"Red Hot Chilli Pepper"	"/v/red-hot-chilli-pepper/105869231"	1
1540	"Rite of Passage"	"/v/rite-of-passage/105866429"	1
1541	"Seppuku"	"/v/seppuku/106599306"	1
1542	"Smokin'' Joe"	"/v/smokin-joe/106282997"	1
1543	"Sparkey Goes Crack Climbing"	"/v/sparkey-goes-crack-climbing/105871970"	1
1544	"There Goes the Neighborhood"	"/v/there-goes-the-neighborhood/106283004"	1
1545	"Up Swift Creek Without A Paddle"	"/v/up-swift-creek-without-a-paddle/105869239"	1
1546	"Veldhaus Route"	"/v/veldhaus-route/105918104"	1
1547	"Critical Crystal"	"/v/critical-crystal/111975891"	1
1548	"Friction Slab"	"/v/friction-slab/111975858"	1
1549	"Swiggity Swag the Nightmare Stag"	"/v/swiggity-swag-the-nightmare-stag/108791007"	1
1550	"Table Top"	"/v/table-top/111975909"	1
1551	"Way of the Leaf, The"	"/v/the-way-of-the-leaf/106837545"	1
1552	"American Crack"	"/v/american-crack/105889552"	1
1553	"American Wall"	"/v/american-wall/105889548"	1
1554	"Battlement, The"	"/v/the-battlement/105870284"	1
1555	"Bedtime for Bonzo"	"/v/bedtime-for-bonzo/105871977"	1
1556	"Blue Runner"	"/v/blue-runner/105970537"	1
1557	"Bombs Bursting"	"/v/bombs-bursting/105872466"	1
1558	"Bonzo''s Revenge"	"/v/bonzos-revenge/111084937"	1
1559	"Calypso I"	"/v/calypso-i/106129927"	1
1560	"Calypso II"	"/v/calypso-ii/106129702"	1
1561	"Calypso III"	"/v/calypso-iii/105919570"	1
1562	"Fading Memory"	"/v/fading-memory/105889556"	1
1563	"Fortress Grunges"	"/v/fortress-grunges/111084958"	1
1564	"Get Outta My Way"	"/v/get-outta-my-way/108150461"	1
1565	"Horny Bitch"	"/v/horny-bitch/105886627"	1
1566	"Lost in Space"	"/v/lost-in-space/112040438"	1
1567	"Party Time"	"/v/party-time/105870326"	1
1568	"Route 48"	"/v/route-48/106730087"	1
1569	"Scratch Your Face"	"/v/scratch-your-face/106045399"	1
1570	"Serpent"	"/v/serpent/105919564"	1
1571	"Snake"	"/v/snake/105919554"	1
1572	"Thunder Chicken"	"/v/thunder-chicken/110268453"	1
1573	"Turret, The"	"/v/the-turret/106730108"	1
1574	"Where Lizards Dare"	"/v/where-lizards-dare/105919793"	1
1575	"Big Toe Arete"	"/v/big-toe-arete/109499201"	1
1576	"Black Magic Arete"	"/v/black-magic-arete/106837486"	1
1577	"Callandor"	"/v/callandor/106837495"	1
1578	"Constellation"	"/v/constellation/106837515"	1
1579	"Dangatang"	"/v/dangatang/111184533"	1
1580	"Diamond In The Rough"	"/v/diamond-in-the-rough/105860768"	1
1581	"Father''s Day"	"/v/fathers-day/105870764"	1
1582	"Fictitious Egg, The"	"/v/the-fictitious-egg/106840221"	1
1583	"Flying Monkeys"	"/v/flying-monkeys/105870231"	1
1584	"Hollow Threat"	"/v/hollow-threat/106840193"	1
1585	"In The Middle"	"/v/in-the-middle/109499279"	1
1586	"Let the Wookie Win"	"/v/let-the-wookie-win/106730262"	1
1587	"Lolliop Kids"	"/v/lolliop-kids/105870239"	1
1588	"Mandarin"	"/v/mandarin/105870781"	1
1589	"My Sexy Cranberry"	"/v/my-sexy-cranberry/106837525"	1
1590	"No Place Like Home"	"/v/no-place-like-home/105870227"	1
1591	"Oz"	"/v/oz/105860773"	1
1592	"Ruby Slippers"	"/v/ruby-slippers/105870235"	1
1593	"Saint George"	"/v/saint-george/111184639"	1
1594	"Sharp"	"/v/sharp/105870665"	1
1595	"Shelf Life"	"/v/shelf-life/106730270"	1
1596	"Shining, The"	"/v/the-shining/105870653"	1
1597	"Skittles"	"/v/skittles/106837502"	1
1598	"TNT"	"/v/tnt/111858868"	1
1599	"Toto"	"/v/toto/109499027"	1
1600	"Watto (SDS)"	"/v/watto-sds/109499156"	1
1601	"Whiteout"	"/v/whiteout/105870659"	1
1602	"Whiteout Direct (aka Nerds)"	"/v/whiteout-direct-aka-nerds/105870771"	1
1603	"Wolverine"	"/v/wolverine/105880931"	1
1604	"Yellow Brick Road"	"/v/yellow-brick-road/105870649"	1
1605	"Commencement"	"/v/commencement/105917962"	1
1606	"Corpus Delicti"	"/v/corpus-delicti/111889920"	1
1607	"Dave the Dude"	"/v/dave-the-dude/106169442"	1
1608	"Doppler Effect"	"/v/doppler-effect/105870316"	1
1609	"Drop the Anchor"	"/v/drop-the-anchor/105870321"	1
1610	"Good Times"	"/v/good-times/105917970"	1
1611	"Grunge Face"	"/v/grunge-face/108144688"	1
1612	"Inhibitor"	"/v/inhibitor/105917957"	1
1613	"Jack in the Pulpit"	"/v/jack-in-the-pulpit/105917977"	1
1614	"King Me"	"/v/king-me/105964688"	1
1615	"Learning Curve, The"	"/v/the-learning-curve/107621628"	1
1616	"Martin Rides Again"	"/v/martin-rides-again/107433601"	1
1617	"No Return"	"/v/no-return/105978349"	1
1618	"Pearl, The"	"/v/the-pearl/106837482"	1
1619	"Rifleman, The"	"/v/the-rifleman/111400357"	1
1620	"Sick Puppies"	"/v/sick-puppies/108392771"	1
1621	"Silently Does the Sun Shine"	"/v/silently-does-the-sun-shine/107667743"	1
1622	"Soul Ram"	"/v/soul-ram/107389163"	1
1623	"Super Dario"	"/v/super-dario/106121898"	1
1624	"Underling, The"	"/v/the-underling/105867266"	1
1625	"What''s Right with the Underling"	"/v/whats-right-with-the-underling/108383761"	1
1626	"Blister in the Sun"	"/v/blister-in-the-sun/106837476"	1
1627	"Day Dreaming"	"/v/day-dreaming/105917914"	1
1628	"Day Tripping"	"/v/day-tripping/107051854"	1
1629	"Foxfire"	"/v/foxfire/105854070"	1
1630	"Twin Cracks"	"/v/twin-cracks/105917918"	1
1631	"Beeneling, The"	"/v/the-beeneling/113327074"	1
1632	"Dog Dreamin''"	"/v/dog-dreamin/113531010"	1
1633	"Frenchburg Overhangs"	"/v/frenchburg-overhangs/108437340"	1
1634	"In Search of the Beeneling"	"/v/in-search-of-the-beeneling/113327140"	1
1635	"What''s Left of the Beeneling"	"/v/whats-left-of-the-beeneling/108438115"	1
1636	"Chickenhead Better Than No Head"	"/v/chickenhead-better-than-no-head/107334506"	1
1637	"God Save the Queen"	"/v/god-save-the-queen/106371729"	1
1638	"Green Eggs"	"/v/green-eggs/105872434"	1
1639	"Grinch, The"	"/v/the-grinch/105872871"	1
1640	"Griptospuridiam"	"/v/griptospuridiam/107334542"	1
1641	"Ham"	"/v/ham/105872442"	1
1642	"Logic and Proportion"	"/v/logic-and-proportion/107334531"	1
1643	"Lorax Tree, The"	"/v/the-lorax-tree/107353511"	1
1644	"One Fist, Two Fist, Red Fist, Blue Fist"	"/v/one-fist-two-fist-red-fist-blue-fist/105871488"	1
1645	"Orange Crush"	"/v/orange-crush/108192500"	1
1646	"Over the Hedge"	"/v/over-the-hedge/105871304"	1
1647	"Sam I Am"	"/v/sam-i-am/107884601"	1
1648	"Seuss is Dead"	"/v/seuss-is-dead/107353501"	1
1649	"Star Bellied Sneeches"	"/v/star-bellied-sneeches/107574134"	1
1650	"Sylvester McMonkey McBean (aka Snitches)"	"/v/sylvester-mcmonkey-mcbean-aka-snitches/108192487"	1
1651	"Theodor Seuss Geisel"	"/v/theodor-seuss-geisel/110965911"	1
1652	"Whoville"	"/v/whoville/105873399"	1
1653	"Bolt Route"	"/v/bolt-route/112904472"	1
1654	"Standard Route"	"/v/standard-route/105866010"	1
1655	"Warm Up"	"/v/warm-up/105870792"	1
1656	"Baptist Preacher"	"/v/baptist-preacher/107699096"	1
1657	"Camp"	"/v/camp/107388632"	1
1658	"Crag"	"/v/crag/107388654"	1
1659	"Store"	"/v/store/107388644"	1
1660	"Horse and His Boy, The"	"/v/the-horse-and-his-boy/112250253"	1
1661	"Prince Caspian"	"/v/prince-caspian/112250263"	1
1662	"Stranger Than Paradise"	"/v/stranger-than-paradise/105870787"	1
1663	"Afternoon Buzz"	"/v/afternoon-buzz/112269960"	1
1664	"Beer-Thirty"	"/v/beer-thirty/111591136"	1
1665	"Darkness Falls"	"/v/darkness-falls/108341662"	1
1666	"Evening Wood"	"/v/evening-wood/111790261"	1
1667	"Fake ID"	"/v/fake-id/113642598"	1
1668	"Fray Train, The"	"/v/the-fray-train/111790305"	1
1669	"Hang Over"	"/v/hang-over/111591162"	1
1670	"High Life"	"/v/high-life/111790326"	1
1671	"Korsakoff Syndrome"	"/v/korsakoff-syndrome/112162687"	1
1672	"Morning Wood"	"/v/morning-wood/108401317"	1
1673	"Sluts are Cool"	"/v/sluts-are-cool/111281182"	1
1674	"Summer Shandy"	"/v/summer-shandy/112827796"	1
1675	"Trailer Trashed"	"/v/trailer-trashed/108086116"	1
1676	"Blue Sky"	"/v/blue-sky/105868158"	1
1677	"East Face J Rock"	"/v/east-face-j-rock/105868169"	1
1678	"Little White Lie"	"/v/little-white-lie/105868153"	1
1679	"Bear''s Den, The"	"/v/the-bears-den/108387175"	0
1680	"Chocolate Factory"	"/v/chocolate-factory/106229629"	0
1681	"Motherlode, The"	"/v/the-motherlode/106124299"	0
1682	"Unlode, The"	"/v/the-unlode/106927882"	0
1683	"Unbridled"	"/v/unbridled/106927891"	1
1684	"Undesirable"	"/v/undesirable/106927939"	1
1685	"Unworthy"	"/v/unworthy/106927926"	1
1686	"Buckeye Buttress"	"/v/buckeye-buttress/111129478"	0
1687	"GMC Wall"	"/v/gmc-wall/111129488"	0
1688	"Madness Cave"	"/v/madness-cave/111129496"	0
1689	"Undertow Wall"	"/v/undertow-wall/111129504"	0
1690	"Warm-Up Wall"	"/v/warm-up-wall/111129484"	0
1691	"All In"	"/v/all-in/111085447"	1
1692	"Ben"	"/v/ben/107934642"	1
1693	"Breathe Right"	"/v/breathe-right/106975155"	1
1694	"Injured Reserve"	"/v/injured-reserve/106484453"	1
1695	"Laura"	"/v/laura/107899800"	1
1696	"Purdy Mouth"	"/v/purdy-mouth/109089998"	1
1697	"So Low"	"/v/so-low/110329120"	1
1698	"Swahili Slang"	"/v/swahili-slang/106598941"	1
1699	"Trust in Jesus"	"/v/trust-in-jesus/106577231"	1
1700	"Ale-8-One"	"/v/ale-8-one/106445478"	1
1701	"Burlier''s Bane"	"/v/burliers-bane/106538496"	1
1702	"Chainsaw Massacre"	"/v/chainsaw-massacre/106153682"	1
1703	"Convicted"	"/v/convicted/106598931"	1
1704	"Crime Time"	"/v/crime-time/106756611"	1
1705	"Flux Capacitor"	"/v/flux-capacitor/106417464"	1
1706	"Harvest"	"/v/harvest/106417458"	1
1707	"High Hard One (aka Subman), The"	"/v/the-high-hard-one-aka-subman/106736608"	1
1708	"Hoofmaker"	"/v/hoofmaker/106417447"	1
1709	"Kick Me In The Jimmie"	"/v/kick-me-in-the-jimmie/106484047"	1
1710	"Leave it to Beavis"	"/v/leave-it-to-beavis/106585384"	1
1711	"Low Easy One, The"	"/v/the-low-easy-one/106895870"	1
1712	"Resurrection"	"/v/resurrection/106727829"	1
1713	"Rocket Dog"	"/v/rocket-dog/106305165"	1
1714	"Sauce, The"	"/v/the-sauce/106925412"	1
1715	"Scrambled Porn"	"/v/scrambled-porn/112224367"	1
1716	"Skin Boat"	"/v/skin-boat/106579687"	1
1717	"SKWBA"	"/v/skwba/106928753"	1
1718	"Snapper"	"/v/snapper/106575787"	1
1719	"Stabbed in the Back"	"/v/stabbed-in-the-back/107359867"	1
1720	"Stella"	"/v/stella/106895836"	1
1721	"Team Wilson"	"/v/team-wilson/106916504"	1
1722	"Tuna Town"	"/v/tuna-town/106393414"	1
1723	"Verdict, The"	"/v/the-verdict/106932351"	1
1724	"BOHICA"	"/v/bohica/106575756"	1
1725	"Flour Power"	"/v/flour-power/106969206"	1
1726	"Forty Ounces of Justice"	"/v/forty-ounces-of-justice/106585375"	1
1727	"Madness, The"	"/v/the-madness/106575777"	1
1728	"Omaha Beach"	"/v/omaha-beach/111342844"	1
1729	"Pushing Up Daisies"	"/v/pushing-up-daisies/106969249"	1
1730	"Transworld Depravity"	"/v/transworld-depravity/107392101"	1
1731	"8 Ball"	"/v/8-ball/106575765"	1
1732	"Cutthroat"	"/v/cutthroat/107055941"	1
1733	"False Positive"	"/v/false-positive/108646527"	1
1734	"Hot For Teacher"	"/v/hot-for-teacher/106969294"	1
1735	"Snooker"	"/v/snooker/107055936"	1
1736	"White Man''s Overbite"	"/v/white-mans-overbite/107152892"	1
1737	"Ball Scratcher"	"/v/ball-scratcher/106598936"	1
1738	"Buff the Wood"	"/v/buff-the-wood/106261131"	1
1739	"Chronic, The"	"/v/the-chronic/108371294"	1
1740	"Cream Machine, The"	"/v/the-cream-machine/111312748"	1
1741	"Golden Touch"	"/v/golden-touch/106543000"	1
1742	"Heart Shaped Box"	"/v/heart-shaped-box/106286388"	1
1743	"Leftomaniac"	"/v/leftomaniac/110343233"	1
1744	"One-Eyed Willy Up the Back"	"/v/one-eyed-willy-up-the-back/107195921"	1
1745	"Overdrive"	"/v/overdrive/112278421"	1
1746	"Reacharound, The"	"/v/the-reacharound/107055948"	1
1747	"Rug Muncher"	"/v/rug-muncher/111378920"	1
1748	"Stain"	"/v/stain/106286382"	1
1749	"Trad Sucker"	"/v/trad-sucker/106164148"	1
1750	"Twisted"	"/v/twisted/106969274"	1
1751	"Andy Man Can, The"	"/v/the-andy-man-can/106229634"	1
1752	"Augustus Gloop"	"/v/augustus-gloop/107756397"	1
1753	"Babinski sign "	"/v/babinski-sign-/107892923"	1
1754	"Ball Nuts and Brassies (Aka Broken Ankles)"	"/v/ball-nuts-and-brassies-aka-broken-ankles/108640441"	1
1755	"Bleak December"	"/v/bleak-december/107401205"	1
1756	"Breakin the Law"	"/v/breakin-the-law/111855528"	1
1757	"Butane Junky"	"/v/butane-junky/110239204"	1
1758	"Buttercup"	"/v/buttercup/108412856"	1
1759	"Cat''s Demise"	"/v/cats-demise/107759737"	1
1760	"Charlie"	"/v/charlie/108415831"	1
1761	"Chocolate River"	"/v/chocolate-river/106453181"	1
1762	"Climactic Crush"	"/v/climactic-crush/109695218"	1
1763	"Dainty Butterfly, The"	"/v/the-dainty-butterfly/111312129"	1
1764	"Death by Chocolate"	"/v/death-by-chocolate/112337789"	1
1765	"Easy Pickins"	"/v/easy-pickins/107667789"	1
1766	"EGBG"	"/v/egbg/108766319"	1
1767	"Enkidu"	"/v/enkidu/107892916"	1
1768	"Fatman"	"/v/fatman/110325706"	1
1769	"Fickelgruber"	"/v/fickelgruber/108384261"	1
1770	"For Your Health"	"/v/for-your-health/108206728"	1
1771	"Gene Wilder"	"/v/gene-wilder/108430483"	1
1772	"Gilgamesh"	"/v/gilgamesh/108126174"	1
1773	"Glass Elevator, The"	"/v/the-glass-elevator/106927822"	1
1774	"Gobstopper"	"/v/gobstopper/107667776"	1
1775	"Golden Ticket"	"/v/golden-ticket/108521478"	1
1776	"Grandpa Joe"	"/v/grandpa-joe/109480361"	1
1777	"Grumpalump"	"/v/grumpalump/108341815"	1
1778	"Hip to the Jive"	"/v/hip-to-the-jive/107379148"	1
1779	"Icebreaker"	"/v/icebreaker/108128595"	1
1780	"J Rat''s Back"	"/v/j-rats-back/106453221"	1
1781	"Juggernaut, The"	"/v/the-juggernaut/109770822"	1
1782	"Loompa"	"/v/loompa/106927842"	1
1783	"Malice"	"/v/malice/106968288"	1
1784	"Mike Teavee"	"/v/mike-teavee/108749249"	1
1785	"Molten"	"/v/molten/108055657"	1
1786	"Mr. P."	"/v/mr-p/107921969"	1
1787	"Naked"	"/v/naked/108341704"	1
1788	"Old School Chocolate"	"/v/old-school-chocolate/112415973"	1
1789	"One Side Makes You Taller"	"/v/one-side-makes-you-taller/107379134"	1
1790	"Oompa"	"/v/oompa/106782060"	1
1791	"Perfect Puzzle"	"/v/perfect-puzzle/112913180"	1
1792	"Pure Imagination"	"/v/pure-imagination/108366830"	1
1793	"Robotic Thumb"	"/v/robotic-thumb/107892930"	1
1794	"Scarlet Scorchdropper"	"/v/scarlet-scorchdropper/111756736"	1
1795	"Snarf Victory"	"/v/snarf-victory/109480386"	1
1796	"Snozzberries"	"/v/snozzberries/108411358"	1
1797	"Squirrelworker"	"/v/squirrelworker/111145636"	1
1798	"Strongyloides"	"/v/strongyloides/107667783"	1
1799	"Sugar Rush"	"/v/sugar-rush/107074597"	1
1800	"Sunday Night Cockfights"	"/v/sunday-night-cockfights/111378943"	1
1801	"Swedish Fish"	"/v/swedish-fish/108043545"	1
1802	"Team Tough on Tour"	"/v/team-tough-on-tour/108429570"	1
1803	"Theobroma"	"/v/theobroma/109770874"	1
1804	"Throbbing Emotions"	"/v/throbbing-emotions/108064675"	1
1805	"Through the Looking Glass"	"/v/through-the-looking-glass/108640459"	1
1806	"Toxicodendron"	"/v/toxicodendron/109695855"	1
1807	"Willy Wonka"	"/v/willy-wonka/108749213"	1
1808	"Wobbler"	"/v/wobbler/109472352"	1
1809	"Wonkaholic"	"/v/wonkaholic/107379163"	1
1810	"72 Hour Energy"	"/v/72-hour-energy/110261773"	1
1811	"C Quest R"	"/v/c-quest-r/110330437"	1
1812	"Clay City Exit"	"/v/clay-city-exit/110270655"	1
1813	"Gandee Candy"	"/v/gandee-candy/108389072"	1
1814	"Golden Snow Cone"	"/v/golden-snow-cone/109469913"	1
1815	"Low Hanging Fruit"	"/v/low-hanging-fruit/110270679"	1
1816	"Mooch"	"/v/mooch/110330421"	1
1817	"Off The Couch"	"/v/off-the-couch/111304044"	1
1818	"Pinkalicious"	"/v/pinkalicious/111292167"	1
1819	"Psychopomp"	"/v/psychopomp/111251858"	1
1820	"Routeburglar "	"/v/routeburglar-/111281142"	1
1821	"Shadow Enhancement"	"/v/shadow-enhancement/110261825"	1
1822	"Squatter"	"/v/squatter/111790387"	1
1823	"Tar Baby"	"/v/tar-baby/109469891"	1
1824	"All Cracked Up"	"/v/all-cracked-up/105869528"	1
1825	"Foggy Mountain Breakdown"	"/v/foggy-mountain-breakdown/105869511"	1
1826	"Jolly Roger, The"	"/v/the-jolly-roger/105869502"	1
1827	"Mountain View Drive-In"	"/v/mountain-view-drive-in/105869516"	1
